title,text,subject,date,label
"Local authorities completed approving the plan project, according to city records","Local authorities completed approving the plan project, according to city records. the central bank announced new policy on national security following council vote the mayor released quarterly earnings, citing growth in the economy sector the central bank released quarterly earnings, citing growth in the housing market sector",news,2024-11-03,1
Officials confirm a local hospital will changing the policy starting next quarter,Officials confirm a local hospital will changing the policy starting next quarter. Study published in peer-reviewed journal examines the economy trends Report: a celebrity data shows steady change in local schools over five years Officials confirm the health ministry will meeting with investors starting next quarter,news,2023-12-26,1
Share before they delete this: a local hospital changing the policy and got away with it,"Share before they delete this: a local hospital changing the policy and got away with it. Miracle cure for vaccine safety discovered by a tech company, Big Pharma silent BREAKING: a tech company caught funding the study, internet in chaos over leaked video a local hospital ADMITS to meeting with investors in shocking late-night confession",tabloid,2025-02-26,0
"researchers released quarterly earnings, citing growth in climate policy sector","researchers released quarterly earnings, citing growth in climate policy sector. Officials confirm the mayor will approving the plan starting next quarter Report: government officials data shows steady change in national security over five years Study published in peer-reviewed journal examines vaccine safety trends",news,2025-11-23,1
EXPOSED: The truth about a university team that vaccine safety don't want you to know,"EXPOSED: The truth about a university team that vaccine safety don't want you to know. You won't believe what a university team did to your children — doctors are furious Miracle cure for vaccine safety discovered by the health ministry, Big Pharma silent a tech company ADMITS to meeting with investors in shocking late-night confession",tabloid,2023-07-28,0
"Local authorities completed releasing the data project, according to city records","Local authorities completed releasing the data project, according to city records. researchers released quarterly earnings, citing growth in the economy sector a local hospital spokesperson said the small businesses measure passed 5-2 on Tuesday a tech company released quarterly earnings, citing growth in the housing market sector",news,2023-02-10,1
Scientists HATE this one weird trick the school board used to releasing the data,Scientists HATE this one weird trick the school board used to releasing the data. Share before they delete this: a celebrity hiding the results and got away with it the school board ADMITS to auditing the program in shocking late-night confession You won't believe what government officials did to the water supply — doctors are furious,tabloid,2024-11-23,0
Study published in peer-reviewed journal examines national security trends,"Study published in peer-reviewed journal examines national security trends. Local authorities completed approving the plan project, according to city records a local hospital released quarterly earnings, citing growth in public health sector Study published in peer-reviewed journal examines national security trends",news,2025-02-05,1
a tech company spokesperson said the the economy measure passed 5-2 on Tuesday,a tech company spokesperson said the the economy measure passed 5-2 on Tuesday. the school board announced new policy on your children following council vote the school board confirmed changing the policy after review by an independent committee Officials confirm the mayor will funding the study starting next quarter,news,2022-03-03,1
Officials confirm the school board will auditing the program starting next quarter,Officials confirm the school board will auditing the program starting next quarter. Officials confirm researchers will changing the policy starting next quarter Report: the mayor data shows steady change in the economy over five years Report: the health ministry data shows steady change in local schools over five years,news,2024-04-08,1
"Miracle cure for public health discovered by a tech company, Big Pharma silent","Miracle cure for public health discovered by a tech company, Big Pharma silent. You won't believe what a local hospital did to vaccine safety — doctors are furious BREAKING: the central bank caught hiding the results, internet in chaos over leaked video a tech company ADMITS to approving the plan in shocking late-night confession",tabloid,2025-12-02,0
government officials ADMITS to funding the study in shocking late-night confession,"government officials ADMITS to funding the study in shocking late-night confession. BREAKING: a university team caught recalling the product, internet in chaos over leaked video EXPOSED: The truth about the central bank that local schools don't want you to know BREAKING: a university team caught funding the study, internet in chaos over leaked video",tabloid,2022-09-18,0
a local hospital confirmed releasing the data after review by an independent committee,"a local hospital confirmed releasing the data after review by an independent committee. Officials confirm government officials will recalling the product starting next quarter a local hospital announced new policy on the water supply following council vote government officials released quarterly earnings, citing growth in the housing market sector",news,2024-03-26,1
SHOCKING: a university team secretly meeting with investors and mainstream media won't tell you,"SHOCKING: a university team secretly meeting with investors and mainstream media won't tell you. BREAKING: a celebrity caught meeting with investors, internet in chaos over leaked video the mayor ADMITS to funding the study in shocking late-night confession Share before they delete this: a tech company funding the study and got away with it",tabloid,2022-12-17,0
Share before they delete this: the health ministry changing the policy and got away with it,Share before they delete this: the health ministry changing the policy and got away with it. EXPOSED: The truth about a tech company that public health don't want you to know You won't believe what a university team did to the water supply — doctors are furious SHOCKING: government officials secretly funding the study and mainstream media won't tell you,tabloid,2022-11-13,0
SHOCKING: government officials secretly meeting with investors and mainstream media won't tell you,"SHOCKING: government officials secretly meeting with investors and mainstream media won't tell you. Miracle cure for the water supply discovered by a local hospital, Big Pharma silent SHOCKING: government officials secretly releasing the data and mainstream media won't tell you Miracle cure for public health discovered by government officials, Big Pharma silent",tabloid,2023-02-12,0
Scientists HATE this one weird trick government officials used to approving the plan,Scientists HATE this one weird trick government officials used to approving the plan. SHOCKING: a celebrity secretly funding the study and mainstream media won't tell you You won't believe what the central bank did to national security — doctors are furious EXPOSED: The truth about the school board that national security don't want you to know,tabloid,2024-09-27,0
Scientists HATE this one weird trick a university team used to changing the policy,Scientists HATE this one weird trick a university team used to changing the policy. You won't believe what a university team did to the housing market — doctors are furious You won't believe what a university team did to local schools — doctors are furious Scientists HATE this one weird trick the school board used to changing the policy,tabloid,2024-07-22,0
government officials announced new policy on vaccine safety following council vote,"government officials announced new policy on vaccine safety following council vote. the central bank confirmed recalling the product after review by an independent committee a university team announced new policy on the housing market following council vote a tech company released quarterly earnings, citing growth in your children sector",news,2024-05-09,1
a tech company announced new policy on public health following council vote,"a tech company announced new policy on public health following council vote. Local authorities completed hiding the results project, according to city records the health ministry announced new policy on local schools following council vote Report: the school board data shows steady change in climate policy over five years",news,2025-11-23,1
Study published in peer-reviewed journal examines climate policy trends,Study published in peer-reviewed journal examines climate policy trends. a local hospital spokesperson said the climate policy measure passed 5-2 on Tuesday Report: the central bank data shows steady change in the economy over five years researchers confirmed releasing the data after review by an independent committee,news,2025-09-22,1
"Local authorities completed auditing the program project, according to city records","Local authorities completed auditing the program project, according to city records. Officials confirm a university team will approving the plan starting next quarter Report: a tech company data shows steady change in your children over five years Report: a local hospital data shows steady change in vaccine safety over five years",news,2025-07-16,1
Study published in peer-reviewed journal examines climate policy trends,Study published in peer-reviewed journal examines climate policy trends. Report: a celebrity data shows steady change in small businesses over five years Officials confirm the health ministry will meeting with investors starting next quarter Officials confirm the health ministry will funding the study starting next quarter,news,2022-09-18,1
"Local authorities completed auditing the program project, according to city records","Local authorities completed auditing the program project, according to city records. the school board released quarterly earnings, citing growth in climate policy sector Study published in peer-reviewed journal examines vaccine safety trends a celebrity confirmed funding the study after review by an independent committee",news,2024-12-13,1
"BREAKING: a tech company caught funding the study, internet in chaos over leaked video","BREAKING: a tech company caught funding the study, internet in chaos over leaked video. the school board ADMITS to meeting with investors in shocking late-night confession a tech company ADMITS to releasing the data in shocking late-night confession SHOCKING: researchers secretly meeting with investors and mainstream media won't tell you",tabloid,2025-07-11,0
EXPOSED: The truth about a local hospital that climate policy don't want you to know,"EXPOSED: The truth about a local hospital that climate policy don't want you to know. Miracle cure for local schools discovered by the school board, Big Pharma silent EXPOSED: The truth about a local hospital that public health don't want you to know Miracle cure for vaccine safety discovered by the mayor, Big Pharma silent",tabloid,2023-11-03,0
Share before they delete this: the health ministry funding the study and got away with it,Share before they delete this: the health ministry funding the study and got away with it. Share before they delete this: the health ministry meeting with investors and got away with it Share before they delete this: the health ministry meeting with investors and got away with it EXPOSED: The truth about a local hospital that public health don't want you to know,tabloid,2023-03-10,0
"researchers released quarterly earnings, citing growth in vaccine safety sector","researchers released quarterly earnings, citing growth in vaccine safety sector. Local authorities completed meeting with investors project, according to city records the central bank confirmed auditing the program after review by an independent committee the school board spokesperson said the the water supply measure passed 5-2 on Tuesday",news,2022-02-14,1
a university team announced new policy on vaccine safety following council vote,"a university team announced new policy on vaccine safety following council vote. the mayor released quarterly earnings, citing growth in public health sector the mayor spokesperson said the the economy measure passed 5-2 on Tuesday a local hospital announced new policy on climate policy following council vote",news,2022-10-18,1
Study published in peer-reviewed journal examines vaccine safety trends,Study published in peer-reviewed journal examines vaccine safety trends. the health ministry spokesperson said the public health measure passed 5-2 on Tuesday the mayor confirmed recalling the product after review by an independent committee government officials spokesperson said the climate policy measure passed 5-2 on Tuesday,news,2025-02-11,1
"BREAKING: the mayor caught hiding the results, internet in chaos over leaked video","BREAKING: the mayor caught hiding the results, internet in chaos over leaked video. EXPOSED: The truth about researchers that the housing market don't want you to know BREAKING: the mayor caught meeting with investors, internet in chaos over leaked video SHOCKING: the school board secretly auditing the program and mainstream media won't tell you",tabloid,2023-12-21,0
Share before they delete this: researchers changing the policy and got away with it,Share before they delete this: researchers changing the policy and got away with it. Share before they delete this: the school board funding the study and got away with it You won't believe what a local hospital did to the economy — doctors are furious a celebrity ADMITS to funding the study in shocking late-night confession,tabloid,2024-08-07,0
Report: researchers data shows steady change in public health over five years,"Report: researchers data shows steady change in public health over five years. Study published in peer-reviewed journal examines the water supply trends the central bank released quarterly earnings, citing growth in the water supply sector Study published in peer-reviewed journal examines the economy trends",news,2024-05-23,1
Scientists HATE this one weird trick a local hospital used to recalling the product,"Scientists HATE this one weird trick a local hospital used to recalling the product. You won't believe what researchers did to the housing market — doctors are furious Miracle cure for small businesses discovered by a local hospital, Big Pharma silent SHOCKING: government officials secretly releasing the data and mainstream media won't tell you",tabloid,2024-09-14,0
EXPOSED: The truth about government officials that public health don't want you to know,EXPOSED: The truth about government officials that public health don't want you to know. Share before they delete this: government officials changing the policy and got away with it SHOCKING: researchers secretly funding the study and mainstream media won't tell you EXPOSED: The truth about a tech company that public health don't want you to know,tabloid,2025-10-20,0
Share before they delete this: researchers meeting with investors and got away with it,"Share before they delete this: researchers meeting with investors and got away with it. SHOCKING: a celebrity secretly meeting with investors and mainstream media won't tell you Share before they delete this: a university team releasing the data and got away with it Miracle cure for national security discovered by government officials, Big Pharma silent",tabloid,2025-12-06,0
the health ministry spokesperson said the the housing market measure passed 5-2 on Tuesday,"the health ministry spokesperson said the the housing market measure passed 5-2 on Tuesday. the mayor released quarterly earnings, citing growth in local schools sector Local authorities completed recalling the product project, according to city records a celebrity confirmed changing the policy after review by an independent committee",news,2023-03-11,1
"Miracle cure for climate policy discovered by the school board, Big Pharma silent","Miracle cure for climate policy discovered by the school board, Big Pharma silent. SHOCKING: a celebrity secretly releasing the data and mainstream media won't tell you You won't believe what the central bank did to public health — doctors are furious Share before they delete this: a celebrity funding the study and got away with it",tabloid,2025-02-01,0
Study published in peer-reviewed journal examines climate policy trends,"Study published in peer-reviewed journal examines climate policy trends. Local authorities completed hiding the results project, according to city records the central bank announced new policy on public health following council vote Report: government officials data shows steady change in small businesses over five years",news,2025-09-21,1
government officials spokesperson said the small businesses measure passed 5-2 on Tuesday,government officials spokesperson said the small businesses measure passed 5-2 on Tuesday. a local hospital announced new policy on the water supply following council vote Report: the health ministry data shows steady change in public health over five years Officials confirm researchers will auditing the program starting next quarter,news,2023-09-11,1
Scientists HATE this one weird trick the central bank used to recalling the product,"Scientists HATE this one weird trick the central bank used to recalling the product. a local hospital ADMITS to auditing the program in shocking late-night confession BREAKING: the school board caught hiding the results, internet in chaos over leaked video You won't believe what a celebrity did to public health — doctors are furious",tabloid,2022-12-05,0
You won't believe what the school board did to small businesses — doctors are furious,"You won't believe what the school board did to small businesses — doctors are furious. EXPOSED: The truth about researchers that climate policy don't want you to know EXPOSED: The truth about government officials that vaccine safety don't want you to know BREAKING: government officials caught approving the plan, internet in chaos over leaked video",tabloid,2025-12-25,0
"Miracle cure for your children discovered by the central bank, Big Pharma silent","Miracle cure for your children discovered by the central bank, Big Pharma silent. Miracle cure for the economy discovered by the mayor, Big Pharma silent Scientists HATE this one weird trick a university team used to recalling the product Miracle cure for small businesses discovered by the mayor, Big Pharma silent",tabloid,2023-03-11,0
EXPOSED: The truth about a tech company that small businesses don't want you to know,EXPOSED: The truth about a tech company that small businesses don't want you to know. Share before they delete this: government officials recalling the product and got away with it Scientists HATE this one weird trick the central bank used to releasing the data the central bank ADMITS to hiding the results in shocking late-night confession,tabloid,2022-01-14,0
Officials confirm government officials will releasing the data starting next quarter,Officials confirm government officials will releasing the data starting next quarter. researchers announced new policy on public health following council vote a local hospital confirmed funding the study after review by an independent committee the health ministry spokesperson said the the water supply measure passed 5-2 on Tuesday,news,2025-11-10,1
"a tech company released quarterly earnings, citing growth in your children sector","a tech company released quarterly earnings, citing growth in your children sector. a university team confirmed auditing the program after review by an independent committee Study published in peer-reviewed journal examines your children trends the mayor spokesperson said the national security measure passed 5-2 on Tuesday",news,2022-01-27,1
"Local authorities completed funding the study project, according to city records","Local authorities completed funding the study project, according to city records. government officials confirmed auditing the program after review by an independent committee a tech company released quarterly earnings, citing growth in local schools sector a local hospital spokesperson said the national security measure passed 5-2 on Tuesday",news,2022-11-15,1
the health ministry spokesperson said the local schools measure passed 5-2 on Tuesday,"the health ministry spokesperson said the local schools measure passed 5-2 on Tuesday. a tech company spokesperson said the public health measure passed 5-2 on Tuesday the mayor spokesperson said the the economy measure passed 5-2 on Tuesday a local hospital released quarterly earnings, citing growth in vaccine safety sector",news,2023-11-24,1
a tech company confirmed changing the policy after review by an independent committee,"a tech company confirmed changing the policy after review by an independent committee. Study published in peer-reviewed journal examines the water supply trends the health ministry released quarterly earnings, citing growth in the housing market sector the central bank released quarterly earnings, citing growth in climate policy sector",news,2024-06-23,1
a celebrity announced new policy on your children following council vote,a celebrity announced new policy on your children following council vote. the mayor announced new policy on national security following council vote Report: the mayor data shows steady change in local schools over five years the central bank confirmed meeting with investors after review by an independent committee,news,2024-12-08,1
Share before they delete this: the school board hiding the results and got away with it,"Share before they delete this: the school board hiding the results and got away with it. EXPOSED: The truth about a university team that local schools don't want you to know Scientists HATE this one weird trick the mayor used to hiding the results Miracle cure for vaccine safety discovered by a university team, Big Pharma silent",tabloid,2022-04-06,0
Scientists HATE this one weird trick the central bank used to hiding the results,"Scientists HATE this one weird trick the central bank used to hiding the results. Share before they delete this: researchers hiding the results and got away with it Miracle cure for the economy discovered by researchers, Big Pharma silent SHOCKING: a celebrity secretly changing the policy and mainstream media won't tell you",tabloid,2024-08-21,0
Officials confirm the central bank will changing the policy starting next quarter,"Officials confirm the central bank will changing the policy starting next quarter. Report: government officials data shows steady change in the housing market over five years government officials released quarterly earnings, citing growth in national security sector the mayor confirmed changing the policy after review by an independent committee",news,2024-01-05,1
EXPOSED: The truth about government officials that your children don't want you to know,"EXPOSED: The truth about government officials that your children don't want you to know. You won't believe what researchers did to the economy — doctors are furious EXPOSED: The truth about the mayor that the water supply don't want you to know Miracle cure for small businesses discovered by the central bank, Big Pharma silent",tabloid,2025-04-07,0
You won't believe what a celebrity did to local schools — doctors are furious,You won't believe what a celebrity did to local schools — doctors are furious. SHOCKING: the central bank secretly recalling the product and mainstream media won't tell you You won't believe what the central bank did to small businesses — doctors are furious the central bank ADMITS to recalling the product in shocking late-night confession,tabloid,2023-05-02,0
"Miracle cure for the water supply discovered by a tech company, Big Pharma silent","Miracle cure for the water supply discovered by a tech company, Big Pharma silent. You won't believe what a tech company did to local schools — doctors are furious Share before they delete this: a university team changing the policy and got away with it You won't believe what the school board did to vaccine safety — doctors are furious",tabloid,2023-10-28,0
Study published in peer-reviewed journal examines your children trends,"Study published in peer-reviewed journal examines your children trends. Local authorities completed releasing the data project, according to city records Study published in peer-reviewed journal examines vaccine safety trends researchers released quarterly earnings, citing growth in public health sector",news,2022-03-05,1
"Miracle cure for public health discovered by a university team, Big Pharma silent","Miracle cure for public health discovered by a university team, Big Pharma silent. Scientists HATE this one weird trick a local hospital used to releasing the data a tech company ADMITS to funding the study in shocking late-night confession Scientists HATE this one weird trick the mayor used to funding the study",tabloid,2022-02-09,0
SHOCKING: the central bank secretly recalling the product and mainstream media won't tell you,SHOCKING: the central bank secretly recalling the product and mainstream media won't tell you. SHOCKING: the school board secretly recalling the product and mainstream media won't tell you SHOCKING: the health ministry secretly recalling the product and mainstream media won't tell you EXPOSED: The truth about researchers that local schools don't want you to know,tabloid,2024-03-03,0
Scientists HATE this one weird trick the school board used to approving the plan,Scientists HATE this one weird trick the school board used to approving the plan. SHOCKING: a celebrity secretly meeting with investors and mainstream media won't tell you SHOCKING: a local hospital secretly auditing the program and mainstream media won't tell you Scientists HATE this one weird trick a tech company used to auditing the program,tabloid,2023-02-01,0
government officials confirmed changing the policy after review by an independent committee,government officials confirmed changing the policy after review by an independent committee. a celebrity announced new policy on small businesses following council vote a tech company announced new policy on national security following council vote a local hospital announced new policy on the water supply following council vote,news,2025-06-20,1
the school board confirmed releasing the data after review by an independent committee,"the school board confirmed releasing the data after review by an independent committee. researchers released quarterly earnings, citing growth in vaccine safety sector a tech company announced new policy on small businesses following council vote Study published in peer-reviewed journal examines national security trends",news,2023-07-20,1
"a tech company released quarterly earnings, citing growth in vaccine safety sector","a tech company released quarterly earnings, citing growth in vaccine safety sector. Study published in peer-reviewed journal examines national security trends Report: the mayor data shows steady change in small businesses over five years a university team confirmed approving the plan after review by an independent committee",news,2025-04-09,1
You won't believe what the health ministry did to national security — doctors are furious,You won't believe what the health ministry did to national security — doctors are furious. a celebrity ADMITS to funding the study in shocking late-night confession Scientists HATE this one weird trick researchers used to changing the policy the central bank ADMITS to auditing the program in shocking late-night confession,tabloid,2023-01-16,0
You won't believe what a celebrity did to climate policy — doctors are furious,"You won't believe what a celebrity did to climate policy — doctors are furious. SHOCKING: the health ministry secretly releasing the data and mainstream media won't tell you Miracle cure for the economy discovered by government officials, Big Pharma silent a tech company ADMITS to meeting with investors in shocking late-night confession",tabloid,2023-07-21,0
a celebrity announced new policy on climate policy following council vote,"a celebrity announced new policy on climate policy following council vote. Report: government officials data shows steady change in public health over five years a tech company released quarterly earnings, citing growth in local schools sector a university team confirmed meeting with investors after review by an independent committee",news,2025-06-26,1
Scientists HATE this one weird trick a local hospital used to hiding the results,"Scientists HATE this one weird trick a local hospital used to hiding the results. Miracle cure for your children discovered by a local hospital, Big Pharma silent Miracle cure for national security discovered by the mayor, Big Pharma silent a tech company ADMITS to auditing the program in shocking late-night confession",tabloid,2025-01-24,0
Report: the mayor data shows steady change in public health over five years,Report: the mayor data shows steady change in public health over five years. Study published in peer-reviewed journal examines climate policy trends Study published in peer-reviewed journal examines climate policy trends government officials spokesperson said the the economy measure passed 5-2 on Tuesday,news,2025-09-23,1
SHOCKING: a celebrity secretly meeting with investors and mainstream media won't tell you,"SHOCKING: a celebrity secretly meeting with investors and mainstream media won't tell you. Miracle cure for the economy discovered by the health ministry, Big Pharma silent BREAKING: a celebrity caught meeting with investors, internet in chaos over leaked video You won't believe what a celebrity did to your children — doctors are furious",tabloid,2025-12-21,0
Scientists HATE this one weird trick a tech company used to releasing the data,"Scientists HATE this one weird trick a tech company used to releasing the data. SHOCKING: the school board secretly releasing the data and mainstream media won't tell you Miracle cure for your children discovered by government officials, Big Pharma silent You won't believe what government officials did to the housing market — doctors are furious",tabloid,2023-01-26,0
the mayor confirmed funding the study after review by an independent committee,"the mayor confirmed funding the study after review by an independent committee. Report: the health ministry data shows steady change in small businesses over five years a university team announced new policy on the economy following council vote a local hospital released quarterly earnings, citing growth in climate policy sector",news,2022-04-28,1
government officials ADMITS to meeting with investors in shocking late-night confession,"government officials ADMITS to meeting with investors in shocking late-night confession. Miracle cure for small businesses discovered by a celebrity, Big Pharma silent You won't believe what the mayor did to national security — doctors are furious EXPOSED: The truth about a celebrity that the water supply don't want you to know",tabloid,2022-06-09,0
a local hospital announced new policy on the water supply following council vote,a local hospital announced new policy on the water supply following council vote. Officials confirm government officials will meeting with investors starting next quarter Officials confirm a tech company will recalling the product starting next quarter a local hospital confirmed releasing the data after review by an independent committee,news,2025-01-11,1
Share before they delete this: the school board changing the policy and got away with it,"Share before they delete this: the school board changing the policy and got away with it. the mayor ADMITS to approving the plan in shocking late-night confession You won't believe what a local hospital did to the water supply — doctors are furious BREAKING: a local hospital caught funding the study, internet in chaos over leaked video",tabloid,2024-10-26,0
SHOCKING: the mayor secretly recalling the product and mainstream media won't tell you,"SHOCKING: the mayor secretly recalling the product and mainstream media won't tell you. SHOCKING: a university team secretly funding the study and mainstream media won't tell you BREAKING: government officials caught changing the policy, internet in chaos over leaked video Scientists HATE this one weird trick government officials used to meeting with investors",tabloid,2023-10-20,0
SHOCKING: a celebrity secretly meeting with investors and mainstream media won't tell you,"SHOCKING: a celebrity secretly meeting with investors and mainstream media won't tell you. a local hospital ADMITS to funding the study in shocking late-night confession Miracle cure for your children discovered by the school board, Big Pharma silent Share before they delete this: the mayor recalling the product and got away with it",tabloid,2023-04-24,0
You won't believe what a tech company did to national security — doctors are furious,"You won't believe what a tech company did to national security — doctors are furious. Scientists HATE this one weird trick the health ministry used to meeting with investors SHOCKING: a tech company secretly recalling the product and mainstream media won't tell you Miracle cure for the water supply discovered by the school board, Big Pharma silent",tabloid,2022-03-27,0
Study published in peer-reviewed journal examines your children trends,"Study published in peer-reviewed journal examines your children trends. a tech company confirmed releasing the data after review by an independent committee Officials confirm the school board will approving the plan starting next quarter Local authorities completed recalling the product project, according to city records",news,2022-05-03,1
Report: the health ministry data shows steady change in public health over five years,"Report: the health ministry data shows steady change in public health over five years. government officials confirmed releasing the data after review by an independent committee a tech company spokesperson said the local schools measure passed 5-2 on Tuesday Local authorities completed hiding the results project, according to city records",news,2024-02-02,1
Officials confirm the health ministry will releasing the data starting next quarter,Officials confirm the health ministry will releasing the data starting next quarter. the mayor announced new policy on the economy following council vote Officials confirm the mayor will meeting with investors starting next quarter Study published in peer-reviewed journal examines the housing market trends,news,2023-03-19,1
the school board announced new policy on national security following council vote,"the school board announced new policy on national security following council vote. Local authorities completed auditing the program project, according to city records Local authorities completed hiding the results project, according to city records Officials confirm the health ministry will funding the study starting next quarter",news,2025-08-03,1
Scientists HATE this one weird trick government officials used to meeting with investors,Scientists HATE this one weird trick government officials used to meeting with investors. Share before they delete this: government officials funding the study and got away with it Scientists HATE this one weird trick a celebrity used to funding the study Share before they delete this: a tech company auditing the program and got away with it,tabloid,2025-10-13,0
"BREAKING: a university team caught auditing the program, internet in chaos over leaked video","BREAKING: a university team caught auditing the program, internet in chaos over leaked video. You won't believe what a local hospital did to climate policy — doctors are furious Share before they delete this: a university team approving the plan and got away with it You won't believe what a local hospital did to vaccine safety — doctors are furious",tabloid,2023-06-25,0
SHOCKING: the school board secretly changing the policy and mainstream media won't tell you,SHOCKING: the school board secretly changing the policy and mainstream media won't tell you. You won't believe what the central bank did to the housing market — doctors are furious EXPOSED: The truth about a university team that vaccine safety don't want you to know You won't believe what a university team did to vaccine safety — doctors are furious,tabloid,2024-11-23,0
"Local authorities completed auditing the program project, according to city records","Local authorities completed auditing the program project, according to city records. Report: the health ministry data shows steady change in climate policy over five years Officials confirm researchers will approving the plan starting next quarter Study published in peer-reviewed journal examines local schools trends",news,2022-10-07,1
Report: the school board data shows steady change in the water supply over five years,"Report: the school board data shows steady change in the water supply over five years. Local authorities completed auditing the program project, according to city records Report: government officials data shows steady change in national security over five years Study published in peer-reviewed journal examines small businesses trends",news,2022-01-28,1
government officials spokesperson said the the housing market measure passed 5-2 on Tuesday,"government officials spokesperson said the the housing market measure passed 5-2 on Tuesday. a university team announced new policy on public health following council vote Report: the health ministry data shows steady change in local schools over five years Local authorities completed hiding the results project, according to city records",news,2025-08-14,1
EXPOSED: The truth about the central bank that public health don't want you to know,"EXPOSED: The truth about the central bank that public health don't want you to know. SHOCKING: government officials secretly releasing the data and mainstream media won't tell you BREAKING: a celebrity caught releasing the data, internet in chaos over leaked video Scientists HATE this one weird trick the health ministry used to meeting with investors",tabloid,2022-10-13,0
"BREAKING: a tech company caught recalling the product, internet in chaos over leaked video","BREAKING: a tech company caught recalling the product, internet in chaos over leaked video. Scientists HATE this one weird trick the health ministry used to changing the policy Miracle cure for your children discovered by a tech company, Big Pharma silent SHOCKING: government officials secretly releasing the data and mainstream media won't tell you",tabloid,2024-03-27,0
You won't believe what the central bank did to small businesses — doctors are furious,"You won't believe what the central bank did to small businesses — doctors are furious. BREAKING: researchers caught releasing the data, internet in chaos over leaked video SHOCKING: the mayor secretly changing the policy and mainstream media won't tell you EXPOSED: The truth about the health ministry that small businesses don't want you to know",tabloid,2022-08-21,0
Study published in peer-reviewed journal examines public health trends,"Study published in peer-reviewed journal examines public health trends. the school board confirmed changing the policy after review by an independent committee a university team confirmed funding the study after review by an independent committee the central bank released quarterly earnings, citing growth in vaccine safety sector",news,2022-04-09,1
researchers confirmed recalling the product after review by an independent committee,researchers confirmed recalling the product after review by an independent committee. Report: a local hospital data shows steady change in small businesses over five years the health ministry spokesperson said the public health measure passed 5-2 on Tuesday a celebrity spokesperson said the local schools measure passed 5-2 on Tuesday,news,2022-12-24,1
Scientists HATE this one weird trick a university team used to funding the study,"Scientists HATE this one weird trick a university team used to funding the study. SHOCKING: the school board secretly changing the policy and mainstream media won't tell you Miracle cure for vaccine safety discovered by government officials, Big Pharma silent Scientists HATE this one weird trick the central bank used to recalling the product",tabloid,2024-09-16,0
EXPOSED: The truth about researchers that vaccine safety don't want you to know,"EXPOSED: The truth about researchers that vaccine safety don't want you to know. Miracle cure for vaccine safety discovered by researchers, Big Pharma silent Share before they delete this: researchers meeting with investors and got away with it the mayor ADMITS to funding the study in shocking late-night confession",tabloid,2024-12-12,0
the school board confirmed recalling the product after review by an independent committee,the school board confirmed recalling the product after review by an independent committee. Officials confirm researchers will auditing the program starting next quarter Officials confirm the school board will approving the plan starting next quarter government officials confirmed approving the plan after review by an independent committee,news,2022-05-09,1
"Local authorities completed hiding the results project, according to city records","Local authorities completed hiding the results project, according to city records. Local authorities completed auditing the program project, according to city records Study published in peer-reviewed journal examines the water supply trends researchers spokesperson said the the housing market measure passed 5-2 on Tuesday",news,2024-02-08,1
Report: researchers data shows steady change in public health over five years,"Report: researchers data shows steady change in public health over five years. Report: the mayor data shows steady change in climate policy over five years Study published in peer-reviewed journal examines the housing market trends the mayor released quarterly earnings, citing growth in vaccine safety sector",news,2022-08-02,1
"Local authorities completed auditing the program project, according to city records","Local authorities completed auditing the program project, according to city records. a tech company spokesperson said the the water supply measure passed 5-2 on Tuesday Officials confirm the mayor will funding the study starting next quarter a local hospital confirmed auditing the program after review by an independent committee",news,2022-10-23,1
a university team ADMITS to meeting with investors in shocking late-night confession,a university team ADMITS to meeting with investors in shocking late-night confession. SHOCKING: a local hospital secretly meeting with investors and mainstream media won't tell you SHOCKING: a university team secretly auditing the program and mainstream media won't tell you Scientists HATE this one weird trick a university team used to releasing the data,tabloid,2023-10-09,0
a university team spokesperson said the the water supply measure passed 5-2 on Tuesday,"a university team spokesperson said the the water supply measure passed 5-2 on Tuesday. Local authorities completed meeting with investors project, according to city records Local authorities completed auditing the program project, according to city records a celebrity confirmed approving the plan after review by an independent committee",news,2023-04-11,1
"BREAKING: a local hospital caught auditing the program, internet in chaos over leaked video","BREAKING: a local hospital caught auditing the program, internet in chaos over leaked video. You won't believe what a tech company did to public health — doctors are furious Share before they delete this: the school board approving the plan and got away with it BREAKING: the health ministry caught meeting with investors, internet in chaos over leaked video",tabloid,2023-09-20,0
"Local authorities completed auditing the program project, according to city records","Local authorities completed auditing the program project, according to city records. Officials confirm a tech company will hiding the results starting next quarter Officials confirm the school board will approving the plan starting next quarter a local hospital released quarterly earnings, citing growth in the economy sector",news,2022-08-12,1
EXPOSED: The truth about a celebrity that climate policy don't want you to know,"EXPOSED: The truth about a celebrity that climate policy don't want you to know. Share before they delete this: a celebrity auditing the program and got away with it SHOCKING: researchers secretly auditing the program and mainstream media won't tell you Miracle cure for vaccine safety discovered by government officials, Big Pharma silent",tabloid,2023-06-28,0
Share before they delete this: researchers meeting with investors and got away with it,"Share before they delete this: researchers meeting with investors and got away with it. BREAKING: the central bank caught auditing the program, internet in chaos over leaked video Scientists HATE this one weird trick a celebrity used to funding the study SHOCKING: the central bank secretly approving the plan and mainstream media won't tell you",tabloid,2023-07-08,0
You won't believe what the school board did to national security — doctors are furious,"You won't believe what the school board did to national security — doctors are furious. BREAKING: the mayor caught recalling the product, internet in chaos over leaked video Miracle cure for vaccine safety discovered by the central bank, Big Pharma silent a celebrity ADMITS to approving the plan in shocking late-night confession",tabloid,2024-11-20,0
EXPOSED: The truth about the school board that local schools don't want you to know,"EXPOSED: The truth about the school board that local schools don't want you to know. You won't believe what a tech company did to the economy — doctors are furious BREAKING: researchers caught releasing the data, internet in chaos over leaked video Miracle cure for public health discovered by a university team, Big Pharma silent",tabloid,2024-06-06,0
researchers ADMITS to hiding the results in shocking late-night confession,"researchers ADMITS to hiding the results in shocking late-night confession. a celebrity ADMITS to auditing the program in shocking late-night confession BREAKING: a university team caught auditing the program, internet in chaos over leaked video You won't believe what government officials did to your children — doctors are furious",tabloid,2022-05-01,0
a university team announced new policy on public health following council vote,"a university team announced new policy on public health following council vote. the mayor confirmed changing the policy after review by an independent committee a university team released quarterly earnings, citing growth in small businesses sector Study published in peer-reviewed journal examines vaccine safety trends",news,2025-06-16,1
"Miracle cure for vaccine safety discovered by the school board, Big Pharma silent","Miracle cure for vaccine safety discovered by the school board, Big Pharma silent. EXPOSED: The truth about the mayor that national security don't want you to know Share before they delete this: a local hospital recalling the product and got away with it Miracle cure for public health discovered by government officials, Big Pharma silent",tabloid,2025-08-11,0
"Miracle cure for the housing market discovered by a tech company, Big Pharma silent","Miracle cure for the housing market discovered by a tech company, Big Pharma silent. Miracle cure for the water supply discovered by a university team, Big Pharma silent Scientists HATE this one weird trick the central bank used to approving the plan Share before they delete this: the health ministry changing the policy and got away with it",tabloid,2024-03-01,0
the health ministry spokesperson said the public health measure passed 5-2 on Tuesday,"the health ministry spokesperson said the public health measure passed 5-2 on Tuesday. a local hospital released quarterly earnings, citing growth in the water supply sector the school board announced new policy on your children following council vote Local authorities completed releasing the data project, according to city records",news,2024-02-04,1
"the school board released quarterly earnings, citing growth in public health sector","the school board released quarterly earnings, citing growth in public health sector. Officials confirm the mayor will funding the study starting next quarter the school board released quarterly earnings, citing growth in climate policy sector Study published in peer-reviewed journal examines public health trends",news,2022-03-21,1
EXPOSED: The truth about the health ministry that public health don't want you to know,"EXPOSED: The truth about the health ministry that public health don't want you to know. SHOCKING: the health ministry secretly approving the plan and mainstream media won't tell you Miracle cure for the water supply discovered by a tech company, Big Pharma silent SHOCKING: the central bank secretly recalling the product and mainstream media won't tell you",tabloid,2024-07-01,0
EXPOSED: The truth about government officials that national security don't want you to know,"EXPOSED: The truth about government officials that national security don't want you to know. BREAKING: a university team caught auditing the program, internet in chaos over leaked video Miracle cure for public health discovered by a local hospital, Big Pharma silent You won't believe what a local hospital did to local schools — doctors are furious",tabloid,2025-08-28,0
the school board spokesperson said the local schools measure passed 5-2 on Tuesday,the school board spokesperson said the local schools measure passed 5-2 on Tuesday. the school board announced new policy on the water supply following council vote a local hospital announced new policy on the economy following council vote a university team spokesperson said the the economy measure passed 5-2 on Tuesday,news,2024-02-10,1
"Miracle cure for the housing market discovered by researchers, Big Pharma silent","Miracle cure for the housing market discovered by researchers, Big Pharma silent. Scientists HATE this one weird trick a tech company used to releasing the data Miracle cure for the economy discovered by a celebrity, Big Pharma silent a celebrity ADMITS to recalling the product in shocking late-night confession",tabloid,2025-07-17,0
"the mayor released quarterly earnings, citing growth in vaccine safety sector","the mayor released quarterly earnings, citing growth in vaccine safety sector. a celebrity spokesperson said the the housing market measure passed 5-2 on Tuesday the central bank announced new policy on local schools following council vote Study published in peer-reviewed journal examines the water supply trends",news,2023-06-09,1
Report: the health ministry data shows steady change in vaccine safety over five years,"Report: the health ministry data shows steady change in vaccine safety over five years. the school board released quarterly earnings, citing growth in local schools sector a tech company released quarterly earnings, citing growth in local schools sector the central bank announced new policy on local schools following council vote",news,2023-09-27,1
You won't believe what government officials did to public health — doctors are furious,You won't believe what government officials did to public health — doctors are furious. Share before they delete this: a local hospital hiding the results and got away with it SHOCKING: a tech company secretly meeting with investors and mainstream media won't tell you Scientists HATE this one weird trick government officials used to releasing the data,tabloid,2022-04-28,0
SHOCKING: a celebrity secretly changing the policy and mainstream media won't tell you,"SHOCKING: a celebrity secretly changing the policy and mainstream media won't tell you. Miracle cure for the water supply discovered by a university team, Big Pharma silent BREAKING: the health ministry caught approving the plan, internet in chaos over leaked video BREAKING: a university team caught funding the study, internet in chaos over leaked video",tabloid,2024-03-24,0
"Miracle cure for climate policy discovered by a local hospital, Big Pharma silent","Miracle cure for climate policy discovered by a local hospital, Big Pharma silent. BREAKING: a local hospital caught hiding the results, internet in chaos over leaked video Miracle cure for local schools discovered by the health ministry, Big Pharma silent the mayor ADMITS to hiding the results in shocking late-night confession",tabloid,2025-12-12,0
a celebrity ADMITS to recalling the product in shocking late-night confession,a celebrity ADMITS to recalling the product in shocking late-night confession. Share before they delete this: the school board funding the study and got away with it Share before they delete this: a university team recalling the product and got away with it SHOCKING: the central bank secretly recalling the product and mainstream media won't tell you,tabloid,2025-04-09,0
You won't believe what a tech company did to the water supply — doctors are furious,"You won't believe what a tech company did to the water supply — doctors are furious. SHOCKING: the health ministry secretly hiding the results and mainstream media won't tell you Miracle cure for the economy discovered by the health ministry, Big Pharma silent BREAKING: the central bank caught meeting with investors, internet in chaos over leaked video",tabloid,2024-10-20,0
the health ministry confirmed auditing the program after review by an independent committee,"the health ministry confirmed auditing the program after review by an independent committee. Local authorities completed changing the policy project, according to city records Local authorities completed approving the plan project, according to city records Officials confirm a university team will changing the policy starting next quarter",news,2022-02-25,1
"Miracle cure for vaccine safety discovered by the school board, Big Pharma silent","Miracle cure for vaccine safety discovered by the school board, Big Pharma silent. Miracle cure for climate policy discovered by a tech company, Big Pharma silent SHOCKING: the school board secretly releasing the data and mainstream media won't tell you a tech company ADMITS to hiding the results in shocking late-night confession",tabloid,2025-03-27,0
"Miracle cure for local schools discovered by government officials, Big Pharma silent","Miracle cure for local schools discovered by government officials, Big Pharma silent. EXPOSED: The truth about government officials that your children don't want you to know a local hospital ADMITS to approving the plan in shocking late-night confession You won't believe what researchers did to climate policy — doctors are furious",tabloid,2024-06-21,0
Officials confirm government officials will approving the plan starting next quarter,Officials confirm government officials will approving the plan starting next quarter. Report: the mayor data shows steady change in the water supply over five years Officials confirm a university team will approving the plan starting next quarter Study published in peer-reviewed journal examines the economy trends,news,2024-03-15,1
EXPOSED: The truth about a local hospital that the economy don't want you to know,"EXPOSED: The truth about a local hospital that the economy don't want you to know. Share before they delete this: the school board approving the plan and got away with it Miracle cure for local schools discovered by researchers, Big Pharma silent SHOCKING: a tech company secretly approving the plan and mainstream media won't tell you",tabloid,2025-03-02,0
"Miracle cure for the economy discovered by a tech company, Big Pharma silent","Miracle cure for the economy discovered by a tech company, Big Pharma silent. SHOCKING: the school board secretly funding the study and mainstream media won't tell you You won't believe what researchers did to climate policy — doctors are furious the central bank ADMITS to releasing the data in shocking late-night confession",tabloid,2023-01-23,0
"a university team released quarterly earnings, citing growth in the water supply sector","a university team released quarterly earnings, citing growth in the water supply sector. Local authorities completed hiding the results project, according to city records Officials confirm a local hospital will approving the plan starting next quarter Local authorities completed hiding the results project, according to city records",news,2023-05-20,1
Officials confirm government officials will changing the policy starting next quarter,"Officials confirm government officials will changing the policy starting next quarter. Officials confirm a local hospital will hiding the results starting next quarter researchers released quarterly earnings, citing growth in the water supply sector government officials announced new policy on local schools following council vote",news,2022-05-14,1
SHOCKING: a university team secretly meeting with investors and mainstream media won't tell you,"SHOCKING: a university team secretly meeting with investors and mainstream media won't tell you. You won't believe what the mayor did to local schools — doctors are furious BREAKING: researchers caught meeting with investors, internet in chaos over leaked video BREAKING: government officials caught releasing the data, internet in chaos over leaked video",tabloid,2022-05-11,0
Scientists HATE this one weird trick a university team used to funding the study,Scientists HATE this one weird trick a university team used to funding the study. SHOCKING: government officials secretly releasing the data and mainstream media won't tell you You won't believe what the central bank did to the housing market — doctors are furious You won't believe what researchers did to the water supply — doctors are furious,tabloid,2023-07-03,0
Study published in peer-reviewed journal examines vaccine safety trends,"Study published in peer-reviewed journal examines vaccine safety trends. Study published in peer-reviewed journal examines the water supply trends Officials confirm researchers will auditing the program starting next quarter the central bank released quarterly earnings, citing growth in the water supply sector",news,2023-03-03,1
"BREAKING: a university team caught approving the plan, internet in chaos over leaked video","BREAKING: a university team caught approving the plan, internet in chaos over leaked video. You won't believe what a celebrity did to the economy — doctors are furious EXPOSED: The truth about a local hospital that the water supply don't want you to know Scientists HATE this one weird trick the school board used to auditing the program",tabloid,2023-09-10,0
a celebrity confirmed meeting with investors after review by an independent committee,a celebrity confirmed meeting with investors after review by an independent committee. a university team announced new policy on climate policy following council vote Study published in peer-reviewed journal examines the water supply trends the mayor confirmed releasing the data after review by an independent committee,news,2025-06-10,1
a celebrity announced new policy on climate policy following council vote,"a celebrity announced new policy on climate policy following council vote. a local hospital confirmed approving the plan after review by an independent committee Study published in peer-reviewed journal examines vaccine safety trends Local authorities completed releasing the data project, according to city records",news,2024-12-09,1
Share before they delete this: the school board approving the plan and got away with it,"Share before they delete this: the school board approving the plan and got away with it. Share before they delete this: a local hospital recalling the product and got away with it Miracle cure for national security discovered by researchers, Big Pharma silent Share before they delete this: the school board approving the plan and got away with it",tabloid,2024-11-05,0
a local hospital confirmed auditing the program after review by an independent committee,"a local hospital confirmed auditing the program after review by an independent committee. Study published in peer-reviewed journal examines climate policy trends Local authorities completed approving the plan project, according to city records a celebrity released quarterly earnings, citing growth in national security sector",news,2022-10-27,1
"a university team released quarterly earnings, citing growth in your children sector","a university team released quarterly earnings, citing growth in your children sector. Study published in peer-reviewed journal examines vaccine safety trends researchers confirmed recalling the product after review by an independent committee Officials confirm government officials will funding the study starting next quarter",news,2023-03-20,1
Share before they delete this: a tech company meeting with investors and got away with it,Share before they delete this: a tech company meeting with investors and got away with it. Scientists HATE this one weird trick the health ministry used to changing the policy Scientists HATE this one weird trick government officials used to recalling the product You won't believe what a local hospital did to small businesses — doctors are furious,tabloid,2022-08-15,0
"Local authorities completed recalling the product project, according to city records","Local authorities completed recalling the product project, according to city records. researchers announced new policy on your children following council vote Local authorities completed approving the plan project, according to city records a tech company announced new policy on the water supply following council vote",news,2023-01-05,1
Report: the mayor data shows steady change in national security over five years,Report: the mayor data shows steady change in national security over five years. Study published in peer-reviewed journal examines the water supply trends the central bank confirmed approving the plan after review by an independent committee the school board announced new policy on vaccine safety following council vote,news,2022-12-11,1
"Miracle cure for your children discovered by researchers, Big Pharma silent","Miracle cure for your children discovered by researchers, Big Pharma silent. a university team ADMITS to hiding the results in shocking late-night confession EXPOSED: The truth about government officials that public health don't want you to know the central bank ADMITS to recalling the product in shocking late-night confession",tabloid,2022-09-06,0
"BREAKING: the central bank caught changing the policy, internet in chaos over leaked video","BREAKING: the central bank caught changing the policy, internet in chaos over leaked video. Scientists HATE this one weird trick researchers used to releasing the data SHOCKING: a university team secretly releasing the data and mainstream media won't tell you SHOCKING: a tech company secretly releasing the data and mainstream media won't tell you",tabloid,2023-01-08,0
the central bank announced new policy on the water supply following council vote,the central bank announced new policy on the water supply following council vote. the central bank announced new policy on local schools following council vote Study published in peer-reviewed journal examines small businesses trends the mayor announced new policy on climate policy following council vote,news,2023-06-08,1
Scientists HATE this one weird trick the school board used to meeting with investors,Scientists HATE this one weird trick the school board used to meeting with investors. Share before they delete this: the central bank auditing the program and got away with it EXPOSED: The truth about a university team that your children don't want you to know You won't believe what a local hospital did to vaccine safety — doctors are furious,tabloid,2024-03-07,0
SHOCKING: a local hospital secretly approving the plan and mainstream media won't tell you,"SHOCKING: a local hospital secretly approving the plan and mainstream media won't tell you. SHOCKING: a celebrity secretly meeting with investors and mainstream media won't tell you Miracle cure for climate policy discovered by a tech company, Big Pharma silent Share before they delete this: researchers auditing the program and got away with it",tabloid,2023-09-25,0
Report: a university team data shows steady change in local schools over five years,Report: a university team data shows steady change in local schools over five years. the health ministry spokesperson said the climate policy measure passed 5-2 on Tuesday Report: a celebrity data shows steady change in the water supply over five years Study published in peer-reviewed journal examines vaccine safety trends,news,2024-06-25,1
a celebrity announced new policy on national security following council vote,a celebrity announced new policy on national security following council vote. the mayor spokesperson said the the housing market measure passed 5-2 on Tuesday Officials confirm a university team will hiding the results starting next quarter the mayor confirmed hiding the results after review by an independent committee,news,2022-05-01,1
"the central bank released quarterly earnings, citing growth in the water supply sector","the central bank released quarterly earnings, citing growth in the water supply sector. the health ministry confirmed releasing the data after review by an independent committee Report: the central bank data shows steady change in the economy over five years a local hospital released quarterly earnings, citing growth in your children sector",news,2025-02-01,1
a university team ADMITS to meeting with investors in shocking late-night confession,"a university team ADMITS to meeting with investors in shocking late-night confession. Miracle cure for local schools discovered by the central bank, Big Pharma silent You won't believe what the central bank did to small businesses — doctors are furious a university team ADMITS to recalling the product in shocking late-night confession",tabloid,2022-11-08,0
Report: the school board data shows steady change in national security over five years,Report: the school board data shows steady change in national security over five years. the mayor announced new policy on local schools following council vote the school board spokesperson said the local schools measure passed 5-2 on Tuesday Report: the central bank data shows steady change in the economy over five years,news,2023-02-15,1
"a local hospital released quarterly earnings, citing growth in vaccine safety sector","a local hospital released quarterly earnings, citing growth in vaccine safety sector. a celebrity announced new policy on small businesses following council vote the central bank announced new policy on your children following council vote a tech company confirmed changing the policy after review by an independent committee",news,2023-02-17,1
the central bank announced new policy on national security following council vote,the central bank announced new policy on national security following council vote. Study published in peer-reviewed journal examines the housing market trends Study published in peer-reviewed journal examines your children trends the mayor spokesperson said the the housing market measure passed 5-2 on Tuesday,news,2022-11-05,1
the central bank announced new policy on local schools following council vote,the central bank announced new policy on local schools following council vote. a tech company announced new policy on local schools following council vote researchers confirmed recalling the product after review by an independent committee Study published in peer-reviewed journal examines small businesses trends,news,2022-07-05,1
the health ministry confirmed hiding the results after review by an independent committee,the health ministry confirmed hiding the results after review by an independent committee. Report: a local hospital data shows steady change in the housing market over five years Report: the health ministry data shows steady change in small businesses over five years the health ministry confirmed auditing the program after review by an independent committee,news,2022-03-05,1
"the mayor released quarterly earnings, citing growth in your children sector","the mayor released quarterly earnings, citing growth in your children sector. a celebrity released quarterly earnings, citing growth in vaccine safety sector the health ministry confirmed hiding the results after review by an independent committee Local authorities completed meeting with investors project, according to city records",news,2022-04-06,1
Officials confirm the mayor will approving the plan starting next quarter,"Officials confirm the mayor will approving the plan starting next quarter. Study published in peer-reviewed journal examines vaccine safety trends Local authorities completed hiding the results project, according to city records Local authorities completed meeting with investors project, according to city records",news,2024-06-09,1
"the central bank released quarterly earnings, citing growth in the water supply sector","the central bank released quarterly earnings, citing growth in the water supply sector. the school board announced new policy on vaccine safety following council vote government officials released quarterly earnings, citing growth in the water supply sector the health ministry confirmed funding the study after review by an independent committee",news,2024-07-02,1
Scientists HATE this one weird trick government officials used to approving the plan,Scientists HATE this one weird trick government officials used to approving the plan. researchers ADMITS to hiding the results in shocking late-night confession You won't believe what a celebrity did to the housing market — doctors are furious Scientists HATE this one weird trick the school board used to hiding the results,tabloid,2022-04-21,0
a university team announced new policy on national security following council vote,"a university team announced new policy on national security following council vote. the school board confirmed meeting with investors after review by an independent committee Study published in peer-reviewed journal examines climate policy trends the health ministry released quarterly earnings, citing growth in vaccine safety sector",news,2022-12-08,1
the school board ADMITS to meeting with investors in shocking late-night confession,the school board ADMITS to meeting with investors in shocking late-night confession. SHOCKING: a tech company secretly releasing the data and mainstream media won't tell you a tech company ADMITS to auditing the program in shocking late-night confession Scientists HATE this one weird trick researchers used to hiding the results,tabloid,2023-05-23,0
Scientists HATE this one weird trick a university team used to funding the study,"Scientists HATE this one weird trick a university team used to funding the study. SHOCKING: a local hospital secretly hiding the results and mainstream media won't tell you Miracle cure for local schools discovered by the central bank, Big Pharma silent Share before they delete this: government officials changing the policy and got away with it",tabloid,2025-04-03,0
Share before they delete this: a celebrity meeting with investors and got away with it,"Share before they delete this: a celebrity meeting with investors and got away with it. EXPOSED: The truth about the central bank that local schools don't want you to know BREAKING: the school board caught auditing the program, internet in chaos over leaked video Miracle cure for your children discovered by the mayor, Big Pharma silent",tabloid,2022-04-06,0
Scientists HATE this one weird trick researchers used to funding the study,"Scientists HATE this one weird trick researchers used to funding the study. EXPOSED: The truth about a tech company that vaccine safety don't want you to know BREAKING: a university team caught approving the plan, internet in chaos over leaked video BREAKING: researchers caught funding the study, internet in chaos over leaked video",tabloid,2022-07-12,0
a university team ADMITS to approving the plan in shocking late-night confession,"a university team ADMITS to approving the plan in shocking late-night confession. BREAKING: the health ministry caught recalling the product, internet in chaos over leaked video the central bank ADMITS to meeting with investors in shocking late-night confession BREAKING: the school board caught meeting with investors, internet in chaos over leaked video",tabloid,2024-09-22,0
EXPOSED: The truth about government officials that small businesses don't want you to know,"EXPOSED: The truth about government officials that small businesses don't want you to know. BREAKING: the central bank caught meeting with investors, internet in chaos over leaked video BREAKING: researchers caught funding the study, internet in chaos over leaked video You won't believe what the mayor did to small businesses — doctors are furious",tabloid,2023-08-09,0
You won't believe what a local hospital did to climate policy — doctors are furious,You won't believe what a local hospital did to climate policy — doctors are furious. You won't believe what a university team did to national security — doctors are furious EXPOSED: The truth about government officials that climate policy don't want you to know You won't believe what the school board did to small businesses — doctors are furious,tabloid,2025-12-24,0
"Local authorities completed changing the policy project, according to city records","Local authorities completed changing the policy project, according to city records. government officials announced new policy on small businesses following council vote a tech company spokesperson said the the economy measure passed 5-2 on Tuesday Officials confirm a university team will recalling the product starting next quarter",news,2023-11-17,1
You won't believe what government officials did to vaccine safety — doctors are furious,"You won't believe what government officials did to vaccine safety — doctors are furious. Miracle cure for the housing market discovered by government officials, Big Pharma silent a university team ADMITS to funding the study in shocking late-night confession You won't believe what a local hospital did to vaccine safety — doctors are furious",tabloid,2022-05-18,0
researchers confirmed hiding the results after review by an independent committee,"researchers confirmed hiding the results after review by an independent committee. government officials confirmed meeting with investors after review by an independent committee the central bank released quarterly earnings, citing growth in small businesses sector Officials confirm government officials will auditing the program starting next quarter",news,2023-03-08,1
You won't believe what a university team did to local schools — doctors are furious,"You won't believe what a university team did to local schools — doctors are furious. SHOCKING: a celebrity secretly approving the plan and mainstream media won't tell you You won't believe what the central bank did to small businesses — doctors are furious BREAKING: a local hospital caught funding the study, internet in chaos over leaked video",tabloid,2024-05-09,0
EXPOSED: The truth about researchers that the housing market don't want you to know,"EXPOSED: The truth about researchers that the housing market don't want you to know. EXPOSED: The truth about the central bank that the economy don't want you to know Miracle cure for public health discovered by the mayor, Big Pharma silent a university team ADMITS to meeting with investors in shocking late-night confession",tabloid,2025-06-22,0
Share before they delete this: a university team recalling the product and got away with it,"Share before they delete this: a university team recalling the product and got away with it. Share before they delete this: the school board meeting with investors and got away with it BREAKING: researchers caught approving the plan, internet in chaos over leaked video EXPOSED: The truth about the central bank that national security don't want you to know",tabloid,2023-04-07,0
"Local authorities completed auditing the program project, according to city records","Local authorities completed auditing the program project, according to city records. the health ministry confirmed changing the policy after review by an independent committee Report: the school board data shows steady change in local schools over five years a celebrity released quarterly earnings, citing growth in small businesses sector",news,2025-09-03,1
"BREAKING: a tech company caught hiding the results, internet in chaos over leaked video","BREAKING: a tech company caught hiding the results, internet in chaos over leaked video. Miracle cure for your children discovered by the mayor, Big Pharma silent You won't believe what a celebrity did to local schools — doctors are furious BREAKING: the health ministry caught funding the study, internet in chaos over leaked video",tabloid,2024-09-17,0
government officials announced new policy on national security following council vote,government officials announced new policy on national security following council vote. Officials confirm the school board will approving the plan starting next quarter a celebrity spokesperson said the your children measure passed 5-2 on Tuesday the health ministry confirmed meeting with investors after review by an independent committee,news,2025-07-13,1
Officials confirm researchers will hiding the results starting next quarter,"Officials confirm researchers will hiding the results starting next quarter. government officials released quarterly earnings, citing growth in vaccine safety sector researchers confirmed meeting with investors after review by an independent committee a celebrity spokesperson said the vaccine safety measure passed 5-2 on Tuesday",news,2022-10-17,1
Study published in peer-reviewed journal examines the economy trends,Study published in peer-reviewed journal examines the economy trends. the mayor confirmed recalling the product after review by an independent committee Officials confirm the mayor will auditing the program starting next quarter a local hospital announced new policy on the economy following council vote,news,2022-05-05,1
Report: a local hospital data shows steady change in vaccine safety over five years,"Report: a local hospital data shows steady change in vaccine safety over five years. a local hospital spokesperson said the vaccine safety measure passed 5-2 on Tuesday a tech company released quarterly earnings, citing growth in national security sector Local authorities completed approving the plan project, according to city records",news,2025-05-27,1
Officials confirm government officials will funding the study starting next quarter,"Officials confirm government officials will funding the study starting next quarter. a tech company spokesperson said the vaccine safety measure passed 5-2 on Tuesday Officials confirm a university team will releasing the data starting next quarter a tech company released quarterly earnings, citing growth in small businesses sector",news,2023-03-14,1
You won't believe what a local hospital did to local schools — doctors are furious,You won't believe what a local hospital did to local schools — doctors are furious. SHOCKING: researchers secretly funding the study and mainstream media won't tell you a local hospital ADMITS to auditing the program in shocking late-night confession researchers ADMITS to changing the policy in shocking late-night confession,tabloid,2024-11-06,0
the central bank announced new policy on national security following council vote,the central bank announced new policy on national security following council vote. the central bank spokesperson said the vaccine safety measure passed 5-2 on Tuesday Report: a tech company data shows steady change in small businesses over five years researchers spokesperson said the climate policy measure passed 5-2 on Tuesday,news,2024-01-13,1
"Local authorities completed changing the policy project, according to city records","Local authorities completed changing the policy project, according to city records. the central bank released quarterly earnings, citing growth in climate policy sector Officials confirm the health ministry will recalling the product starting next quarter Study published in peer-reviewed journal examines public health trends",news,2024-10-07,1
"Miracle cure for small businesses discovered by a tech company, Big Pharma silent","Miracle cure for small businesses discovered by a tech company, Big Pharma silent. SHOCKING: the mayor secretly releasing the data and mainstream media won't tell you BREAKING: a university team caught recalling the product, internet in chaos over leaked video Scientists HATE this one weird trick a university team used to recalling the product",tabloid,2024-03-26,0
Study published in peer-reviewed journal examines your children trends,"Study published in peer-reviewed journal examines your children trends. a celebrity confirmed recalling the product after review by an independent committee a tech company released quarterly earnings, citing growth in your children sector government officials released quarterly earnings, citing growth in the economy sector",news,2025-07-11,1
Officials confirm the mayor will recalling the product starting next quarter,"Officials confirm the mayor will recalling the product starting next quarter. researchers spokesperson said the climate policy measure passed 5-2 on Tuesday Study published in peer-reviewed journal examines vaccine safety trends Local authorities completed recalling the product project, according to city records",news,2022-01-25,1
"the school board released quarterly earnings, citing growth in the water supply sector","the school board released quarterly earnings, citing growth in the water supply sector. Study published in peer-reviewed journal examines vaccine safety trends government officials spokesperson said the the economy measure passed 5-2 on Tuesday Report: the mayor data shows steady change in the economy over five years",news,2022-11-06,1
the mayor announced new policy on the economy following council vote,"the mayor announced new policy on the economy following council vote. Officials confirm the mayor will funding the study starting next quarter Report: a celebrity data shows steady change in vaccine safety over five years a university team released quarterly earnings, citing growth in the housing market sector",news,2023-10-13,1
Study published in peer-reviewed journal examines the housing market trends,"Study published in peer-reviewed journal examines the housing market trends. the mayor released quarterly earnings, citing growth in the economy sector the central bank spokesperson said the local schools measure passed 5-2 on Tuesday the health ministry released quarterly earnings, citing growth in climate policy sector",news,2022-06-07,1
the health ministry announced new policy on the housing market following council vote,"the health ministry announced new policy on the housing market following council vote. Local authorities completed auditing the program project, according to city records a local hospital announced new policy on vaccine safety following council vote Officials confirm a university team will hiding the results starting next quarter",news,2025-02-08,1
"BREAKING: the health ministry caught auditing the program, internet in chaos over leaked video","BREAKING: the health ministry caught auditing the program, internet in chaos over leaked video. Scientists HATE this one weird trick the health ministry used to meeting with investors Scientists HATE this one weird trick the health ministry used to recalling the product researchers ADMITS to changing the policy in shocking late-night confession",tabloid,2022-11-22,0
a local hospital announced new policy on your children following council vote,"a local hospital announced new policy on your children following council vote. Study published in peer-reviewed journal examines your children trends Study published in peer-reviewed journal examines your children trends Local authorities completed auditing the program project, according to city records",news,2025-01-03,1
a tech company confirmed funding the study after review by an independent committee,a tech company confirmed funding the study after review by an independent committee. Report: a university team data shows steady change in the water supply over five years Officials confirm the central bank will recalling the product starting next quarter government officials confirmed meeting with investors after review by an independent committee,news,2025-04-03,1
Share before they delete this: the school board funding the study and got away with it,"Share before they delete this: the school board funding the study and got away with it. BREAKING: a university team caught auditing the program, internet in chaos over leaked video BREAKING: a tech company caught recalling the product, internet in chaos over leaked video a local hospital ADMITS to hiding the results in shocking late-night confession",tabloid,2023-11-15,0
"Local authorities completed hiding the results project, according to city records","Local authorities completed hiding the results project, according to city records. Study published in peer-reviewed journal examines public health trends government officials released quarterly earnings, citing growth in small businesses sector a tech company confirmed changing the policy after review by an independent committee",news,2023-12-03,1
SHOCKING: a local hospital secretly auditing the program and mainstream media won't tell you,SHOCKING: a local hospital secretly auditing the program and mainstream media won't tell you. SHOCKING: the school board secretly hiding the results and mainstream media won't tell you You won't believe what a celebrity did to climate policy — doctors are furious You won't believe what the mayor did to your children — doctors are furious,tabloid,2024-02-16,0
Report: the mayor data shows steady change in national security over five years,"Report: the mayor data shows steady change in national security over five years. Report: a university team data shows steady change in national security over five years Report: a university team data shows steady change in climate policy over five years Local authorities completed approving the plan project, according to city records",news,2022-09-04,1
"Local authorities completed approving the plan project, according to city records","Local authorities completed approving the plan project, according to city records. Local authorities completed approving the plan project, according to city records Local authorities completed funding the study project, according to city records a tech company spokesperson said the national security measure passed 5-2 on Tuesday",news,2022-11-19,1
Share before they delete this: the mayor approving the plan and got away with it,Share before they delete this: the mayor approving the plan and got away with it. Share before they delete this: a university team hiding the results and got away with it You won't believe what government officials did to the economy — doctors are furious Scientists HATE this one weird trick the central bank used to approving the plan,tabloid,2025-09-25,0
Share before they delete this: a local hospital approving the plan and got away with it,"Share before they delete this: a local hospital approving the plan and got away with it. BREAKING: a celebrity caught changing the policy, internet in chaos over leaked video You won't believe what the central bank did to your children — doctors are furious a local hospital ADMITS to changing the policy in shocking late-night confession",tabloid,2025-12-28,0
Share before they delete this: government officials auditing the program and got away with it,"Share before they delete this: government officials auditing the program and got away with it. EXPOSED: The truth about the health ministry that vaccine safety don't want you to know Share before they delete this: a tech company meeting with investors and got away with it Miracle cure for the economy discovered by the central bank, Big Pharma silent",tabloid,2023-07-20,0
Study published in peer-reviewed journal examines vaccine safety trends,Study published in peer-reviewed journal examines vaccine safety trends. a tech company confirmed approving the plan after review by an independent committee a local hospital confirmed hiding the results after review by an independent committee Study published in peer-reviewed journal examines the economy trends,news,2022-12-07,1
the central bank ADMITS to approving the plan in shocking late-night confession,"the central bank ADMITS to approving the plan in shocking late-night confession. BREAKING: a university team caught approving the plan, internet in chaos over leaked video EXPOSED: The truth about the health ministry that public health don't want you to know EXPOSED: The truth about researchers that your children don't want you to know",tabloid,2025-06-12,0
"Miracle cure for vaccine safety discovered by a tech company, Big Pharma silent","Miracle cure for vaccine safety discovered by a tech company, Big Pharma silent. Share before they delete this: the school board releasing the data and got away with it BREAKING: the school board caught approving the plan, internet in chaos over leaked video EXPOSED: The truth about a local hospital that the water supply don't want you to know",tabloid,2022-06-09,0
SHOCKING: the mayor secretly recalling the product and mainstream media won't tell you,SHOCKING: the mayor secretly recalling the product and mainstream media won't tell you. Scientists HATE this one weird trick researchers used to meeting with investors a tech company ADMITS to hiding the results in shocking late-night confession Share before they delete this: researchers funding the study and got away with it,tabloid,2023-09-18,0
Report: a celebrity data shows steady change in vaccine safety over five years,"Report: a celebrity data shows steady change in vaccine safety over five years. government officials released quarterly earnings, citing growth in local schools sector Local authorities completed hiding the results project, according to city records a local hospital announced new policy on your children following council vote",news,2025-05-01,1
"Miracle cure for climate policy discovered by the central bank, Big Pharma silent","Miracle cure for climate policy discovered by the central bank, Big Pharma silent. Miracle cure for the housing market discovered by a local hospital, Big Pharma silent BREAKING: a local hospital caught approving the plan, internet in chaos over leaked video You won't believe what researchers did to the housing market — doctors are furious",tabloid,2025-09-11,0
a university team confirmed recalling the product after review by an independent committee,"a university team confirmed recalling the product after review by an independent committee. the school board confirmed approving the plan after review by an independent committee Local authorities completed hiding the results project, according to city records a tech company announced new policy on the economy following council vote",news,2022-03-10,1
Officials confirm the mayor will approving the plan starting next quarter,"Officials confirm the mayor will approving the plan starting next quarter. the mayor spokesperson said the local schools measure passed 5-2 on Tuesday the central bank released quarterly earnings, citing growth in the water supply sector government officials spokesperson said the the water supply measure passed 5-2 on Tuesday",news,2024-12-22,1
SHOCKING: a local hospital secretly releasing the data and mainstream media won't tell you,SHOCKING: a local hospital secretly releasing the data and mainstream media won't tell you. Share before they delete this: the school board auditing the program and got away with it Share before they delete this: a university team funding the study and got away with it a university team ADMITS to recalling the product in shocking late-night confession,tabloid,2024-03-13,0
Scientists HATE this one weird trick government officials used to releasing the data,Scientists HATE this one weird trick government officials used to releasing the data. Share before they delete this: the mayor approving the plan and got away with it the health ministry ADMITS to approving the plan in shocking late-night confession the health ministry ADMITS to hiding the results in shocking late-night confession,tabloid,2022-12-21,0
SHOCKING: researchers secretly meeting with investors and mainstream media won't tell you,"SHOCKING: researchers secretly meeting with investors and mainstream media won't tell you. SHOCKING: the health ministry secretly approving the plan and mainstream media won't tell you Miracle cure for national security discovered by a tech company, Big Pharma silent BREAKING: a local hospital caught changing the policy, internet in chaos over leaked video",tabloid,2022-07-22,0
Scientists HATE this one weird trick the central bank used to recalling the product,Scientists HATE this one weird trick the central bank used to recalling the product. SHOCKING: a local hospital secretly hiding the results and mainstream media won't tell you the mayor ADMITS to releasing the data in shocking late-night confession Share before they delete this: a celebrity changing the policy and got away with it,tabloid,2023-07-16,0
Share before they delete this: the mayor recalling the product and got away with it,Share before they delete this: the mayor recalling the product and got away with it. Share before they delete this: a university team hiding the results and got away with it Share before they delete this: government officials hiding the results and got away with it EXPOSED: The truth about a local hospital that national security don't want you to know,tabloid,2023-08-08,0
Study published in peer-reviewed journal examines climate policy trends,"Study published in peer-reviewed journal examines climate policy trends. Officials confirm government officials will changing the policy starting next quarter Local authorities completed releasing the data project, according to city records researchers confirmed releasing the data after review by an independent committee",news,2025-12-16,1
a celebrity ADMITS to meeting with investors in shocking late-night confession,"a celebrity ADMITS to meeting with investors in shocking late-night confession. Scientists HATE this one weird trick researchers used to recalling the product Share before they delete this: the school board funding the study and got away with it Miracle cure for local schools discovered by a celebrity, Big Pharma silent",tabloid,2025-07-24,0
a local hospital ADMITS to releasing the data in shocking late-night confession,"a local hospital ADMITS to releasing the data in shocking late-night confession. BREAKING: a local hospital caught meeting with investors, internet in chaos over leaked video Share before they delete this: a university team releasing the data and got away with it EXPOSED: The truth about a local hospital that local schools don't want you to know",tabloid,2025-03-12,0
Officials confirm the health ministry will changing the policy starting next quarter,"Officials confirm the health ministry will changing the policy starting next quarter. Local authorities completed funding the study project, according to city records a local hospital released quarterly earnings, citing growth in local schools sector Officials confirm a celebrity will changing the policy starting next quarter",news,2023-08-27,1
"a university team released quarterly earnings, citing growth in public health sector","a university team released quarterly earnings, citing growth in public health sector. Officials confirm the central bank will approving the plan starting next quarter the health ministry spokesperson said the your children measure passed 5-2 on Tuesday government officials announced new policy on vaccine safety following council vote",news,2022-02-13,1
a celebrity ADMITS to auditing the program in shocking late-night confession,a celebrity ADMITS to auditing the program in shocking late-night confession. Scientists HATE this one weird trick the school board used to approving the plan Share before they delete this: the school board changing the policy and got away with it Scientists HATE this one weird trick a university team used to funding the study,tabloid,2022-12-15,0
Study published in peer-reviewed journal examines local schools trends,Study published in peer-reviewed journal examines local schools trends. government officials announced new policy on the economy following council vote Officials confirm government officials will auditing the program starting next quarter a university team announced new policy on the housing market following council vote,news,2025-06-22,1
You won't believe what a university team did to public health — doctors are furious,"You won't believe what a university team did to public health — doctors are furious. Miracle cure for the water supply discovered by the school board, Big Pharma silent BREAKING: a celebrity caught approving the plan, internet in chaos over leaked video You won't believe what a university team did to vaccine safety — doctors are furious",tabloid,2025-11-22,0
a celebrity ADMITS to releasing the data in shocking late-night confession,"a celebrity ADMITS to releasing the data in shocking late-night confession. Scientists HATE this one weird trick the central bank used to auditing the program Miracle cure for the water supply discovered by a tech company, Big Pharma silent a tech company ADMITS to meeting with investors in shocking late-night confession",tabloid,2022-01-28,0
"a local hospital released quarterly earnings, citing growth in your children sector","a local hospital released quarterly earnings, citing growth in your children sector. government officials confirmed approving the plan after review by an independent committee Local authorities completed auditing the program project, according to city records Local authorities completed changing the policy project, according to city records",news,2023-09-24,1
Share before they delete this: a local hospital auditing the program and got away with it,Share before they delete this: a local hospital auditing the program and got away with it. EXPOSED: The truth about the central bank that public health don't want you to know EXPOSED: The truth about the school board that the housing market don't want you to know Share before they delete this: researchers auditing the program and got away with it,tabloid,2024-09-25,0
government officials confirmed approving the plan after review by an independent committee,government officials confirmed approving the plan after review by an independent committee. Report: the mayor data shows steady change in national security over five years the school board announced new policy on your children following council vote Officials confirm the school board will changing the policy starting next quarter,news,2024-12-01,1
"government officials released quarterly earnings, citing growth in the water supply sector","government officials released quarterly earnings, citing growth in the water supply sector. government officials announced new policy on vaccine safety following council vote Officials confirm the school board will changing the policy starting next quarter Report: a university team data shows steady change in local schools over five years",news,2023-02-26,1
"BREAKING: a tech company caught changing the policy, internet in chaos over leaked video","BREAKING: a tech company caught changing the policy, internet in chaos over leaked video. Scientists HATE this one weird trick the school board used to releasing the data Scientists HATE this one weird trick a tech company used to funding the study Scientists HATE this one weird trick researchers used to funding the study",tabloid,2023-11-16,0
Study published in peer-reviewed journal examines small businesses trends,Study published in peer-reviewed journal examines small businesses trends. the central bank announced new policy on national security following council vote Report: the health ministry data shows steady change in public health over five years the mayor spokesperson said the your children measure passed 5-2 on Tuesday,news,2023-02-24,1
SHOCKING: government officials secretly changing the policy and mainstream media won't tell you,SHOCKING: government officials secretly changing the policy and mainstream media won't tell you. Share before they delete this: a local hospital hiding the results and got away with it the central bank ADMITS to recalling the product in shocking late-night confession Scientists HATE this one weird trick a celebrity used to meeting with investors,tabloid,2024-05-17,0
"BREAKING: researchers caught releasing the data, internet in chaos over leaked video","BREAKING: researchers caught releasing the data, internet in chaos over leaked video. SHOCKING: the school board secretly hiding the results and mainstream media won't tell you BREAKING: the health ministry caught approving the plan, internet in chaos over leaked video Miracle cure for local schools discovered by a local hospital, Big Pharma silent",tabloid,2025-08-06,0
You won't believe what researchers did to local schools — doctors are furious,"You won't believe what researchers did to local schools — doctors are furious. Share before they delete this: the school board auditing the program and got away with it BREAKING: government officials caught recalling the product, internet in chaos over leaked video You won't believe what a celebrity did to your children — doctors are furious",tabloid,2022-02-04,0
Share before they delete this: the mayor recalling the product and got away with it,"Share before they delete this: the mayor recalling the product and got away with it. BREAKING: a university team caught funding the study, internet in chaos over leaked video SHOCKING: a university team secretly funding the study and mainstream media won't tell you BREAKING: a celebrity caught funding the study, internet in chaos over leaked video",tabloid,2025-10-19,0
Scientists HATE this one weird trick the mayor used to releasing the data,"Scientists HATE this one weird trick the mayor used to releasing the data. You won't believe what a local hospital did to national security — doctors are furious EXPOSED: The truth about the mayor that national security don't want you to know Miracle cure for the housing market discovered by government officials, Big Pharma silent",tabloid,2023-06-17,0
Officials confirm researchers will changing the policy starting next quarter,Officials confirm researchers will changing the policy starting next quarter. the central bank confirmed releasing the data after review by an independent committee government officials announced new policy on local schools following council vote government officials confirmed approving the plan after review by an independent committee,news,2024-08-11,1
EXPOSED: The truth about a university team that local schools don't want you to know,"EXPOSED: The truth about a university team that local schools don't want you to know. Scientists HATE this one weird trick a tech company used to funding the study SHOCKING: the health ministry secretly meeting with investors and mainstream media won't tell you Miracle cure for local schools discovered by the central bank, Big Pharma silent",tabloid,2022-04-06,0
You won't believe what a tech company did to the housing market — doctors are furious,"You won't believe what a tech company did to the housing market — doctors are furious. Miracle cure for public health discovered by the school board, Big Pharma silent BREAKING: a tech company caught funding the study, internet in chaos over leaked video Miracle cure for public health discovered by the central bank, Big Pharma silent",tabloid,2022-02-12,0
"BREAKING: the mayor caught releasing the data, internet in chaos over leaked video","BREAKING: the mayor caught releasing the data, internet in chaos over leaked video. Miracle cure for the housing market discovered by a local hospital, Big Pharma silent SHOCKING: government officials secretly hiding the results and mainstream media won't tell you Share before they delete this: a university team approving the plan and got away with it",tabloid,2022-08-04,0
"Local authorities completed hiding the results project, according to city records","Local authorities completed hiding the results project, according to city records. Local authorities completed hiding the results project, according to city records government officials confirmed approving the plan after review by an independent committee a celebrity confirmed releasing the data after review by an independent committee",news,2024-02-05,1
a university team spokesperson said the your children measure passed 5-2 on Tuesday,a university team spokesperson said the your children measure passed 5-2 on Tuesday. the health ministry confirmed approving the plan after review by an independent committee Report: government officials data shows steady change in the water supply over five years Report: government officials data shows steady change in your children over five years,news,2023-10-16,1
a local hospital spokesperson said the local schools measure passed 5-2 on Tuesday,"a local hospital spokesperson said the local schools measure passed 5-2 on Tuesday. government officials confirmed auditing the program after review by an independent committee the school board confirmed releasing the data after review by an independent committee Local authorities completed recalling the product project, according to city records",news,2023-12-07,1
Officials confirm the central bank will funding the study starting next quarter,Officials confirm the central bank will funding the study starting next quarter. Report: researchers data shows steady change in public health over five years Report: a celebrity data shows steady change in your children over five years a university team announced new policy on your children following council vote,news,2022-12-02,1
You won't believe what researchers did to local schools — doctors are furious,"You won't believe what researchers did to local schools — doctors are furious. Miracle cure for the housing market discovered by a university team, Big Pharma silent SHOCKING: the health ministry secretly meeting with investors and mainstream media won't tell you Miracle cure for the housing market discovered by a tech company, Big Pharma silent",tabloid,2023-07-04,0
Report: a local hospital data shows steady change in local schools over five years,Report: a local hospital data shows steady change in local schools over five years. a tech company confirmed changing the policy after review by an independent committee Officials confirm researchers will funding the study starting next quarter the school board confirmed changing the policy after review by an independent committee,news,2023-10-07,1
SHOCKING: a tech company secretly approving the plan and mainstream media won't tell you,"SHOCKING: a tech company secretly approving the plan and mainstream media won't tell you. Miracle cure for the economy discovered by a tech company, Big Pharma silent BREAKING: a local hospital caught auditing the program, internet in chaos over leaked video Scientists HATE this one weird trick a celebrity used to releasing the data",tabloid,2022-02-21,0
Share before they delete this: researchers releasing the data and got away with it,Share before they delete this: researchers releasing the data and got away with it. SHOCKING: a tech company secretly approving the plan and mainstream media won't tell you SHOCKING: a celebrity secretly approving the plan and mainstream media won't tell you Scientists HATE this one weird trick a tech company used to releasing the data,tabloid,2024-01-04,0
EXPOSED: The truth about researchers that the water supply don't want you to know,EXPOSED: The truth about researchers that the water supply don't want you to know. EXPOSED: The truth about the school board that the water supply don't want you to know You won't believe what researchers did to local schools — doctors are furious a tech company ADMITS to approving the plan in shocking late-night confession,tabloid,2024-09-04,0
"BREAKING: the school board caught meeting with investors, internet in chaos over leaked video","BREAKING: the school board caught meeting with investors, internet in chaos over leaked video. SHOCKING: government officials secretly auditing the program and mainstream media won't tell you SHOCKING: a local hospital secretly meeting with investors and mainstream media won't tell you Scientists HATE this one weird trick the mayor used to releasing the data",tabloid,2025-09-14,0
"Local authorities completed approving the plan project, according to city records","Local authorities completed approving the plan project, according to city records. Local authorities completed funding the study project, according to city records Report: researchers data shows steady change in the water supply over five years Report: the central bank data shows steady change in the water supply over five years",news,2023-03-07,1
"the health ministry released quarterly earnings, citing growth in the economy sector","the health ministry released quarterly earnings, citing growth in the economy sector. researchers spokesperson said the climate policy measure passed 5-2 on Tuesday a celebrity spokesperson said the your children measure passed 5-2 on Tuesday researchers confirmed auditing the program after review by an independent committee",news,2023-04-21,1
a university team ADMITS to meeting with investors in shocking late-night confession,"a university team ADMITS to meeting with investors in shocking late-night confession. BREAKING: a university team caught releasing the data, internet in chaos over leaked video Share before they delete this: researchers hiding the results and got away with it Scientists HATE this one weird trick the health ministry used to approving the plan",tabloid,2024-03-22,0
"BREAKING: government officials caught hiding the results, internet in chaos over leaked video","BREAKING: government officials caught hiding the results, internet in chaos over leaked video. SHOCKING: the central bank secretly approving the plan and mainstream media won't tell you Miracle cure for small businesses discovered by the central bank, Big Pharma silent BREAKING: researchers caught changing the policy, internet in chaos over leaked video",tabloid,2024-09-13,0
Study published in peer-reviewed journal examines the water supply trends,"Study published in peer-reviewed journal examines the water supply trends. Local authorities completed funding the study project, according to city records Study published in peer-reviewed journal examines small businesses trends a university team released quarterly earnings, citing growth in public health sector",news,2022-01-28,1
"Miracle cure for small businesses discovered by the mayor, Big Pharma silent","Miracle cure for small businesses discovered by the mayor, Big Pharma silent. SHOCKING: the health ministry secretly funding the study and mainstream media won't tell you BREAKING: the mayor caught meeting with investors, internet in chaos over leaked video Miracle cure for small businesses discovered by a university team, Big Pharma silent",tabloid,2022-02-04,0
You won't believe what a celebrity did to public health — doctors are furious,"You won't believe what a celebrity did to public health — doctors are furious. Scientists HATE this one weird trick a celebrity used to recalling the product BREAKING: the mayor caught hiding the results, internet in chaos over leaked video Miracle cure for the water supply discovered by a university team, Big Pharma silent",tabloid,2025-11-19,0
the mayor confirmed releasing the data after review by an independent committee,"the mayor confirmed releasing the data after review by an independent committee. the central bank released quarterly earnings, citing growth in local schools sector researchers spokesperson said the small businesses measure passed 5-2 on Tuesday Study published in peer-reviewed journal examines national security trends",news,2025-03-27,1
researchers ADMITS to recalling the product in shocking late-night confession,researchers ADMITS to recalling the product in shocking late-night confession. SHOCKING: the school board secretly releasing the data and mainstream media won't tell you government officials ADMITS to funding the study in shocking late-night confession EXPOSED: The truth about a tech company that local schools don't want you to know,tabloid,2025-03-15,0
You won't believe what a university team did to public health — doctors are furious,"You won't believe what a university team did to public health — doctors are furious. SHOCKING: a local hospital secretly meeting with investors and mainstream media won't tell you BREAKING: the central bank caught auditing the program, internet in chaos over leaked video BREAKING: the health ministry caught funding the study, internet in chaos over leaked video",tabloid,2024-09-16,0
Scientists HATE this one weird trick a celebrity used to recalling the product,"Scientists HATE this one weird trick a celebrity used to recalling the product. Share before they delete this: a tech company changing the policy and got away with it BREAKING: a celebrity caught hiding the results, internet in chaos over leaked video the mayor ADMITS to meeting with investors in shocking late-night confession",tabloid,2024-07-05,0
"Miracle cure for vaccine safety discovered by the mayor, Big Pharma silent","Miracle cure for vaccine safety discovered by the mayor, Big Pharma silent. SHOCKING: the school board secretly hiding the results and mainstream media won't tell you You won't believe what the health ministry did to national security — doctors are furious BREAKING: a university team caught recalling the product, internet in chaos over leaked video",tabloid,2022-12-05,0
"Local authorities completed hiding the results project, according to city records","Local authorities completed hiding the results project, according to city records. a tech company released quarterly earnings, citing growth in climate policy sector researchers confirmed recalling the product after review by an independent committee Officials confirm researchers will releasing the data starting next quarter",news,2023-08-23,1
a local hospital spokesperson said the national security measure passed 5-2 on Tuesday,"a local hospital spokesperson said the national security measure passed 5-2 on Tuesday. a celebrity released quarterly earnings, citing growth in local schools sector Local authorities completed approving the plan project, according to city records Study published in peer-reviewed journal examines the water supply trends",news,2023-06-21,1
"a university team released quarterly earnings, citing growth in national security sector","a university team released quarterly earnings, citing growth in national security sector. Study published in peer-reviewed journal examines the economy trends Report: the school board data shows steady change in your children over five years the central bank released quarterly earnings, citing growth in the water supply sector",news,2023-05-01,1
"BREAKING: a local hospital caught funding the study, internet in chaos over leaked video","BREAKING: a local hospital caught funding the study, internet in chaos over leaked video. BREAKING: government officials caught recalling the product, internet in chaos over leaked video SHOCKING: researchers secretly changing the policy and mainstream media won't tell you Share before they delete this: researchers hiding the results and got away with it",tabloid,2022-01-01,0
EXPOSED: The truth about a local hospital that national security don't want you to know,EXPOSED: The truth about a local hospital that national security don't want you to know. EXPOSED: The truth about the health ministry that vaccine safety don't want you to know Share before they delete this: researchers changing the policy and got away with it Scientists HATE this one weird trick a local hospital used to recalling the product,tabloid,2023-07-10,0
You won't believe what a tech company did to national security — doctors are furious,"You won't believe what a tech company did to national security — doctors are furious. SHOCKING: the school board secretly funding the study and mainstream media won't tell you BREAKING: the mayor caught meeting with investors, internet in chaos over leaked video SHOCKING: the school board secretly recalling the product and mainstream media won't tell you",tabloid,2022-06-25,0
Study published in peer-reviewed journal examines your children trends,"Study published in peer-reviewed journal examines your children trends. Local authorities completed funding the study project, according to city records Study published in peer-reviewed journal examines national security trends a celebrity spokesperson said the public health measure passed 5-2 on Tuesday",news,2024-10-21,1
Study published in peer-reviewed journal examines the housing market trends,"Study published in peer-reviewed journal examines the housing market trends. Report: the school board data shows steady change in local schools over five years Study published in peer-reviewed journal examines the water supply trends Local authorities completed recalling the product project, according to city records",news,2023-11-12,1
researchers ADMITS to funding the study in shocking late-night confession,"researchers ADMITS to funding the study in shocking late-night confession. EXPOSED: The truth about government officials that the water supply don't want you to know Miracle cure for public health discovered by a university team, Big Pharma silent SHOCKING: a celebrity secretly recalling the product and mainstream media won't tell you",tabloid,2025-02-25,0
SHOCKING: a celebrity secretly funding the study and mainstream media won't tell you,"SHOCKING: a celebrity secretly funding the study and mainstream media won't tell you. EXPOSED: The truth about researchers that the economy don't want you to know BREAKING: the mayor caught releasing the data, internet in chaos over leaked video the mayor ADMITS to funding the study in shocking late-night confession",tabloid,2022-03-24,0
a local hospital spokesperson said the the economy measure passed 5-2 on Tuesday,a local hospital spokesperson said the the economy measure passed 5-2 on Tuesday. Study published in peer-reviewed journal examines vaccine safety trends government officials confirmed auditing the program after review by an independent committee Officials confirm the central bank will recalling the product starting next quarter,news,2023-08-27,1
SHOCKING: the health ministry secretly meeting with investors and mainstream media won't tell you,"SHOCKING: the health ministry secretly meeting with investors and mainstream media won't tell you. Share before they delete this: a celebrity meeting with investors and got away with it BREAKING: a local hospital caught meeting with investors, internet in chaos over leaked video SHOCKING: the central bank secretly funding the study and mainstream media won't tell you",tabloid,2025-02-24,0
the health ministry spokesperson said the vaccine safety measure passed 5-2 on Tuesday,"the health ministry spokesperson said the vaccine safety measure passed 5-2 on Tuesday. a university team released quarterly earnings, citing growth in climate policy sector a university team announced new policy on national security following council vote Study published in peer-reviewed journal examines climate policy trends",news,2022-11-26,1
You won't believe what a celebrity did to the water supply — doctors are furious,"You won't believe what a celebrity did to the water supply — doctors are furious. Miracle cure for national security discovered by a celebrity, Big Pharma silent Share before they delete this: researchers releasing the data and got away with it researchers ADMITS to auditing the program in shocking late-night confession",tabloid,2024-08-15,0
a local hospital spokesperson said the small businesses measure passed 5-2 on Tuesday,"a local hospital spokesperson said the small businesses measure passed 5-2 on Tuesday. Local authorities completed releasing the data project, according to city records a university team spokesperson said the vaccine safety measure passed 5-2 on Tuesday the mayor released quarterly earnings, citing growth in the housing market sector",news,2022-12-16,1
"the school board released quarterly earnings, citing growth in your children sector","the school board released quarterly earnings, citing growth in your children sector. a celebrity spokesperson said the public health measure passed 5-2 on Tuesday Local authorities completed approving the plan project, according to city records Officials confirm researchers will meeting with investors starting next quarter",news,2025-02-17,1
You won't believe what the central bank did to small businesses — doctors are furious,You won't believe what the central bank did to small businesses — doctors are furious. You won't believe what a university team did to public health — doctors are furious the central bank ADMITS to changing the policy in shocking late-night confession EXPOSED: The truth about a university team that the housing market don't want you to know,tabloid,2025-07-13,0
Study published in peer-reviewed journal examines the economy trends,Study published in peer-reviewed journal examines the economy trends. Study published in peer-reviewed journal examines national security trends Officials confirm the health ministry will hiding the results starting next quarter government officials spokesperson said the public health measure passed 5-2 on Tuesday,news,2023-01-09,1
the health ministry confirmed changing the policy after review by an independent committee,"the health ministry confirmed changing the policy after review by an independent committee. the mayor released quarterly earnings, citing growth in climate policy sector Local authorities completed auditing the program project, according to city records Report: a celebrity data shows steady change in small businesses over five years",news,2024-11-23,1
"Miracle cure for small businesses discovered by a university team, Big Pharma silent","Miracle cure for small businesses discovered by a university team, Big Pharma silent. SHOCKING: a celebrity secretly hiding the results and mainstream media won't tell you Miracle cure for national security discovered by a tech company, Big Pharma silent You won't believe what a celebrity did to your children — doctors are furious",tabloid,2024-05-28,0
EXPOSED: The truth about researchers that local schools don't want you to know,EXPOSED: The truth about researchers that local schools don't want you to know. SHOCKING: the central bank secretly auditing the program and mainstream media won't tell you Share before they delete this: a local hospital changing the policy and got away with it Scientists HATE this one weird trick the mayor used to approving the plan,tabloid,2022-10-18,0
government officials confirmed releasing the data after review by an independent committee,"government officials confirmed releasing the data after review by an independent committee. a university team released quarterly earnings, citing growth in local schools sector researchers released quarterly earnings, citing growth in the water supply sector government officials announced new policy on the economy following council vote",news,2023-12-08,1
Officials confirm the health ministry will approving the plan starting next quarter,Officials confirm the health ministry will approving the plan starting next quarter. Study published in peer-reviewed journal examines local schools trends Officials confirm government officials will approving the plan starting next quarter the school board confirmed hiding the results after review by an independent committee,news,2022-02-04,1
Share before they delete this: government officials releasing the data and got away with it,Share before they delete this: government officials releasing the data and got away with it. the health ministry ADMITS to funding the study in shocking late-night confession EXPOSED: The truth about a celebrity that your children don't want you to know SHOCKING: a university team secretly approving the plan and mainstream media won't tell you,tabloid,2022-03-20,0
"the health ministry released quarterly earnings, citing growth in the water supply sector","the health ministry released quarterly earnings, citing growth in the water supply sector. the school board spokesperson said the the housing market measure passed 5-2 on Tuesday Officials confirm the mayor will recalling the product starting next quarter government officials confirmed recalling the product after review by an independent committee",news,2025-04-26,1
You won't believe what a tech company did to the water supply — doctors are furious,You won't believe what a tech company did to the water supply — doctors are furious. Share before they delete this: the mayor recalling the product and got away with it SHOCKING: the central bank secretly hiding the results and mainstream media won't tell you You won't believe what a celebrity did to public health — doctors are furious,tabloid,2024-11-01,0
"Miracle cure for vaccine safety discovered by a celebrity, Big Pharma silent","Miracle cure for vaccine safety discovered by a celebrity, Big Pharma silent. You won't believe what the central bank did to the economy — doctors are furious the health ministry ADMITS to meeting with investors in shocking late-night confession EXPOSED: The truth about a university team that the water supply don't want you to know",tabloid,2024-10-16,0
"Miracle cure for national security discovered by a university team, Big Pharma silent","Miracle cure for national security discovered by a university team, Big Pharma silent. SHOCKING: government officials secretly releasing the data and mainstream media won't tell you government officials ADMITS to meeting with investors in shocking late-night confession BREAKING: the central bank caught meeting with investors, internet in chaos over leaked video",tabloid,2023-10-05,0
"Local authorities completed changing the policy project, according to city records","Local authorities completed changing the policy project, according to city records. the central bank confirmed approving the plan after review by an independent committee Local authorities completed meeting with investors project, according to city records Report: the mayor data shows steady change in small businesses over five years",news,2023-10-23,1
the school board confirmed recalling the product after review by an independent committee,"the school board confirmed recalling the product after review by an independent committee. Local authorities completed recalling the product project, according to city records Study published in peer-reviewed journal examines public health trends Study published in peer-reviewed journal examines vaccine safety trends",news,2023-05-11,1
"Miracle cure for small businesses discovered by a university team, Big Pharma silent","Miracle cure for small businesses discovered by a university team, Big Pharma silent. the school board ADMITS to funding the study in shocking late-night confession You won't believe what government officials did to the housing market — doctors are furious EXPOSED: The truth about a university team that vaccine safety don't want you to know",tabloid,2022-05-15,0
Study published in peer-reviewed journal examines climate policy trends,Study published in peer-reviewed journal examines climate policy trends. Report: the mayor data shows steady change in climate policy over five years Officials confirm a university team will funding the study starting next quarter Report: government officials data shows steady change in vaccine safety over five years,news,2022-01-05,1
Report: the mayor data shows steady change in public health over five years,Report: the mayor data shows steady change in public health over five years. the health ministry announced new policy on climate policy following council vote researchers confirmed recalling the product after review by an independent committee a tech company spokesperson said the the water supply measure passed 5-2 on Tuesday,news,2023-08-14,1
Share before they delete this: researchers recalling the product and got away with it,Share before they delete this: researchers recalling the product and got away with it. You won't believe what the health ministry did to the water supply — doctors are furious a local hospital ADMITS to funding the study in shocking late-night confession Scientists HATE this one weird trick a local hospital used to auditing the program,tabloid,2023-09-07,0
"BREAKING: researchers caught releasing the data, internet in chaos over leaked video","BREAKING: researchers caught releasing the data, internet in chaos over leaked video. Miracle cure for small businesses discovered by a tech company, Big Pharma silent Miracle cure for the economy discovered by a tech company, Big Pharma silent Miracle cure for the water supply discovered by researchers, Big Pharma silent",tabloid,2022-09-15,0
the mayor ADMITS to changing the policy in shocking late-night confession,"the mayor ADMITS to changing the policy in shocking late-night confession. a local hospital ADMITS to hiding the results in shocking late-night confession Scientists HATE this one weird trick the school board used to releasing the data Miracle cure for the water supply discovered by the mayor, Big Pharma silent",tabloid,2023-11-15,0
EXPOSED: The truth about a celebrity that climate policy don't want you to know,"EXPOSED: The truth about a celebrity that climate policy don't want you to know. EXPOSED: The truth about government officials that public health don't want you to know BREAKING: a tech company caught auditing the program, internet in chaos over leaked video Miracle cure for vaccine safety discovered by a tech company, Big Pharma silent",tabloid,2022-09-18,0
"Local authorities completed recalling the product project, according to city records","Local authorities completed recalling the product project, according to city records. government officials spokesperson said the vaccine safety measure passed 5-2 on Tuesday the mayor released quarterly earnings, citing growth in your children sector Officials confirm the mayor will auditing the program starting next quarter",news,2022-02-26,1
You won't believe what the school board did to the housing market — doctors are furious,"You won't believe what the school board did to the housing market — doctors are furious. Miracle cure for your children discovered by a university team, Big Pharma silent Miracle cure for the economy discovered by the school board, Big Pharma silent a university team ADMITS to approving the plan in shocking late-night confession",tabloid,2022-02-22,0
"a university team released quarterly earnings, citing growth in local schools sector","a university team released quarterly earnings, citing growth in local schools sector. Report: a celebrity data shows steady change in vaccine safety over five years Officials confirm a celebrity will auditing the program starting next quarter Study published in peer-reviewed journal examines your children trends",news,2023-06-05,1
Report: the central bank data shows steady change in the water supply over five years,"Report: the central bank data shows steady change in the water supply over five years. a university team announced new policy on national security following council vote Officials confirm a celebrity will meeting with investors starting next quarter researchers released quarterly earnings, citing growth in public health sector",news,2025-04-20,1
Officials confirm a tech company will recalling the product starting next quarter,"Officials confirm a tech company will recalling the product starting next quarter. Local authorities completed changing the policy project, according to city records a local hospital spokesperson said the the water supply measure passed 5-2 on Tuesday Report: government officials data shows steady change in national security over five years",news,2023-04-24,1
a tech company spokesperson said the the housing market measure passed 5-2 on Tuesday,"a tech company spokesperson said the the housing market measure passed 5-2 on Tuesday. a university team spokesperson said the local schools measure passed 5-2 on Tuesday Local authorities completed recalling the product project, according to city records the health ministry confirmed funding the study after review by an independent committee",news,2024-11-10,1
the school board confirmed releasing the data after review by an independent committee,the school board confirmed releasing the data after review by an independent committee. a tech company spokesperson said the climate policy measure passed 5-2 on Tuesday the health ministry announced new policy on the housing market following council vote researchers spokesperson said the small businesses measure passed 5-2 on Tuesday,news,2024-05-05,1
the central bank confirmed recalling the product after review by an independent committee,the central bank confirmed recalling the product after review by an independent committee. a celebrity confirmed changing the policy after review by an independent committee Report: a local hospital data shows steady change in local schools over five years Study published in peer-reviewed journal examines public health trends,news,2024-02-23,1
SHOCKING: a tech company secretly hiding the results and mainstream media won't tell you,SHOCKING: a tech company secretly hiding the results and mainstream media won't tell you. a tech company ADMITS to recalling the product in shocking late-night confession Scientists HATE this one weird trick the central bank used to auditing the program Share before they delete this: researchers meeting with investors and got away with it,tabloid,2023-02-15,0
government officials spokesperson said the climate policy measure passed 5-2 on Tuesday,government officials spokesperson said the climate policy measure passed 5-2 on Tuesday. a celebrity announced new policy on climate policy following council vote Officials confirm a university team will meeting with investors starting next quarter government officials spokesperson said the the economy measure passed 5-2 on Tuesday,news,2024-08-23,1
SHOCKING: a local hospital secretly releasing the data and mainstream media won't tell you,"SHOCKING: a local hospital secretly releasing the data and mainstream media won't tell you. EXPOSED: The truth about the mayor that climate policy don't want you to know SHOCKING: a celebrity secretly hiding the results and mainstream media won't tell you Miracle cure for the housing market discovered by the central bank, Big Pharma silent",tabloid,2023-10-14,0
Scientists HATE this one weird trick researchers used to meeting with investors,Scientists HATE this one weird trick researchers used to meeting with investors. You won't believe what the mayor did to the housing market — doctors are furious EXPOSED: The truth about government officials that the water supply don't want you to know EXPOSED: The truth about a local hospital that national security don't want you to know,tabloid,2025-08-03,0
"Miracle cure for public health discovered by the school board, Big Pharma silent","Miracle cure for public health discovered by the school board, Big Pharma silent. the health ministry ADMITS to auditing the program in shocking late-night confession Miracle cure for public health discovered by a celebrity, Big Pharma silent BREAKING: a celebrity caught hiding the results, internet in chaos over leaked video",tabloid,2024-03-03,0
"Local authorities completed changing the policy project, according to city records","Local authorities completed changing the policy project, according to city records. a celebrity released quarterly earnings, citing growth in local schools sector Study published in peer-reviewed journal examines local schools trends the mayor confirmed meeting with investors after review by an independent committee",news,2022-03-28,1
Officials confirm a local hospital will meeting with investors starting next quarter,"Officials confirm a local hospital will meeting with investors starting next quarter. the school board announced new policy on vaccine safety following council vote Local authorities completed auditing the program project, according to city records researchers announced new policy on the economy following council vote",news,2024-03-19,1
Officials confirm the central bank will hiding the results starting next quarter,"Officials confirm the central bank will hiding the results starting next quarter. Officials confirm researchers will changing the policy starting next quarter researchers released quarterly earnings, citing growth in the water supply sector a tech company confirmed funding the study after review by an independent committee",news,2024-03-04,1
Scientists HATE this one weird trick a tech company used to releasing the data,"Scientists HATE this one weird trick a tech company used to releasing the data. You won't believe what the mayor did to local schools — doctors are furious Miracle cure for local schools discovered by a local hospital, Big Pharma silent Miracle cure for national security discovered by a local hospital, Big Pharma silent",tabloid,2025-02-27,0
"Local authorities completed releasing the data project, according to city records","Local authorities completed releasing the data project, according to city records. a local hospital spokesperson said the national security measure passed 5-2 on Tuesday the central bank confirmed auditing the program after review by an independent committee a local hospital spokesperson said the small businesses measure passed 5-2 on Tuesday",news,2025-09-19,1
a celebrity announced new policy on your children following council vote,"a celebrity announced new policy on your children following council vote. a tech company confirmed changing the policy after review by an independent committee researchers spokesperson said the national security measure passed 5-2 on Tuesday government officials released quarterly earnings, citing growth in vaccine safety sector",news,2024-06-20,1
a university team ADMITS to recalling the product in shocking late-night confession,"a university team ADMITS to recalling the product in shocking late-night confession. You won't believe what government officials did to vaccine safety — doctors are furious You won't believe what the health ministry did to vaccine safety — doctors are furious BREAKING: a tech company caught releasing the data, internet in chaos over leaked video",tabloid,2022-05-07,0
Study published in peer-reviewed journal examines your children trends,Study published in peer-reviewed journal examines your children trends. Study published in peer-reviewed journal examines the economy trends the school board confirmed meeting with investors after review by an independent committee Officials confirm the school board will hiding the results starting next quarter,news,2025-04-06,1
"Local authorities completed hiding the results project, according to city records","Local authorities completed hiding the results project, according to city records. a local hospital released quarterly earnings, citing growth in local schools sector the mayor released quarterly earnings, citing growth in your children sector Report: a university team data shows steady change in climate policy over five years",news,2022-01-13,1
EXPOSED: The truth about government officials that your children don't want you to know,"EXPOSED: The truth about government officials that your children don't want you to know. BREAKING: the mayor caught hiding the results, internet in chaos over leaked video government officials ADMITS to auditing the program in shocking late-night confession EXPOSED: The truth about the central bank that your children don't want you to know",tabloid,2023-10-20,0
Study published in peer-reviewed journal examines national security trends,"Study published in peer-reviewed journal examines national security trends. the health ministry spokesperson said the the economy measure passed 5-2 on Tuesday a local hospital released quarterly earnings, citing growth in the water supply sector a local hospital released quarterly earnings, citing growth in the water supply sector",news,2025-03-05,1
the health ministry announced new policy on your children following council vote,"the health ministry announced new policy on your children following council vote. Officials confirm a celebrity will approving the plan starting next quarter Local authorities completed recalling the product project, according to city records a tech company confirmed releasing the data after review by an independent committee",news,2025-11-18,1
EXPOSED: The truth about government officials that public health don't want you to know,EXPOSED: The truth about government officials that public health don't want you to know. SHOCKING: government officials secretly changing the policy and mainstream media won't tell you Scientists HATE this one weird trick the central bank used to meeting with investors a tech company ADMITS to recalling the product in shocking late-night confession,tabloid,2024-03-15,0
EXPOSED: The truth about a tech company that public health don't want you to know,"EXPOSED: The truth about a tech company that public health don't want you to know. Share before they delete this: a celebrity auditing the program and got away with it BREAKING: the school board caught releasing the data, internet in chaos over leaked video EXPOSED: The truth about a tech company that national security don't want you to know",tabloid,2023-03-15,0
"BREAKING: a tech company caught meeting with investors, internet in chaos over leaked video","BREAKING: a tech company caught meeting with investors, internet in chaos over leaked video. Miracle cure for your children discovered by researchers, Big Pharma silent EXPOSED: The truth about the central bank that local schools don't want you to know Scientists HATE this one weird trick researchers used to hiding the results",tabloid,2023-12-16,0
You won't believe what a tech company did to national security — doctors are furious,"You won't believe what a tech company did to national security — doctors are furious. SHOCKING: the mayor secretly approving the plan and mainstream media won't tell you You won't believe what a tech company did to small businesses — doctors are furious BREAKING: a tech company caught approving the plan, internet in chaos over leaked video",tabloid,2023-04-24,0
Officials confirm the health ministry will approving the plan starting next quarter,"Officials confirm the health ministry will approving the plan starting next quarter. Study published in peer-reviewed journal examines national security trends Report: a celebrity data shows steady change in vaccine safety over five years Local authorities completed approving the plan project, according to city records",news,2024-04-02,1
the health ministry confirmed releasing the data after review by an independent committee,"the health ministry confirmed releasing the data after review by an independent committee. the health ministry announced new policy on the housing market following council vote Report: the health ministry data shows steady change in your children over five years the central bank released quarterly earnings, citing growth in your children sector",news,2023-01-06,1
SHOCKING: the central bank secretly funding the study and mainstream media won't tell you,SHOCKING: the central bank secretly funding the study and mainstream media won't tell you. SHOCKING: government officials secretly changing the policy and mainstream media won't tell you Scientists HATE this one weird trick government officials used to releasing the data Scientists HATE this one weird trick the school board used to recalling the product,tabloid,2024-04-04,0
"Local authorities completed meeting with investors project, according to city records","Local authorities completed meeting with investors project, according to city records. Officials confirm a tech company will releasing the data starting next quarter Study published in peer-reviewed journal examines the housing market trends researchers announced new policy on the economy following council vote",news,2022-02-25,1
Report: the mayor data shows steady change in national security over five years,"Report: the mayor data shows steady change in national security over five years. Study published in peer-reviewed journal examines local schools trends Officials confirm the mayor will releasing the data starting next quarter a tech company released quarterly earnings, citing growth in public health sector",news,2025-05-19,1
Officials confirm a local hospital will funding the study starting next quarter,"Officials confirm a local hospital will funding the study starting next quarter. Report: the central bank data shows steady change in your children over five years government officials spokesperson said the the economy measure passed 5-2 on Tuesday Local authorities completed funding the study project, according to city records",news,2025-03-24,1
Study published in peer-reviewed journal examines the water supply trends,Study published in peer-reviewed journal examines the water supply trends. the school board confirmed funding the study after review by an independent committee a tech company announced new policy on national security following council vote Study published in peer-reviewed journal examines the economy trends,news,2025-03-05,1
You won't believe what the central bank did to the water supply — doctors are furious,You won't believe what the central bank did to the water supply — doctors are furious. the health ministry ADMITS to meeting with investors in shocking late-night confession Scientists HATE this one weird trick the mayor used to hiding the results You won't believe what the mayor did to small businesses — doctors are furious,tabloid,2022-12-04,0
Study published in peer-reviewed journal examines the water supply trends,"Study published in peer-reviewed journal examines the water supply trends. the school board announced new policy on your children following council vote a local hospital released quarterly earnings, citing growth in your children sector Officials confirm researchers will approving the plan starting next quarter",news,2022-07-28,1
You won't believe what the health ministry did to public health — doctors are furious,You won't believe what the health ministry did to public health — doctors are furious. the mayor ADMITS to recalling the product in shocking late-night confession Scientists HATE this one weird trick the mayor used to changing the policy Scientists HATE this one weird trick a tech company used to hiding the results,tabloid,2022-09-08,0
SHOCKING: the central bank secretly approving the plan and mainstream media won't tell you,"SHOCKING: the central bank secretly approving the plan and mainstream media won't tell you. SHOCKING: the central bank secretly releasing the data and mainstream media won't tell you BREAKING: government officials caught changing the policy, internet in chaos over leaked video Miracle cure for the economy discovered by the school board, Big Pharma silent",tabloid,2023-07-19,0
Scientists HATE this one weird trick the school board used to approving the plan,Scientists HATE this one weird trick the school board used to approving the plan. a university team ADMITS to releasing the data in shocking late-night confession EXPOSED: The truth about the central bank that local schools don't want you to know a local hospital ADMITS to meeting with investors in shocking late-night confession,tabloid,2023-04-14,0
You won't believe what a tech company did to national security — doctors are furious,You won't believe what a tech company did to national security — doctors are furious. SHOCKING: a tech company secretly recalling the product and mainstream media won't tell you Share before they delete this: a tech company recalling the product and got away with it Share before they delete this: a tech company funding the study and got away with it,tabloid,2025-12-11,0
"Local authorities completed meeting with investors project, according to city records","Local authorities completed meeting with investors project, according to city records. the school board spokesperson said the the water supply measure passed 5-2 on Tuesday the central bank confirmed funding the study after review by an independent committee a university team released quarterly earnings, citing growth in the economy sector",news,2023-02-24,1
Report: the school board data shows steady change in climate policy over five years,"Report: the school board data shows steady change in climate policy over five years. Local authorities completed funding the study project, according to city records Report: the school board data shows steady change in small businesses over five years Local authorities completed recalling the product project, according to city records",news,2025-05-12,1
a university team announced new policy on the economy following council vote,"a university team announced new policy on the economy following council vote. Study published in peer-reviewed journal examines the water supply trends Local authorities completed funding the study project, according to city records the school board announced new policy on climate policy following council vote",news,2025-12-12,1
Officials confirm the central bank will recalling the product starting next quarter,"Officials confirm the central bank will recalling the product starting next quarter. Local authorities completed auditing the program project, according to city records researchers spokesperson said the local schools measure passed 5-2 on Tuesday Study published in peer-reviewed journal examines small businesses trends",news,2023-11-12,1
"Miracle cure for the housing market discovered by the health ministry, Big Pharma silent","Miracle cure for the housing market discovered by the health ministry, Big Pharma silent. Scientists HATE this one weird trick the school board used to funding the study SHOCKING: a celebrity secretly funding the study and mainstream media won't tell you Miracle cure for your children discovered by government officials, Big Pharma silent",tabloid,2024-04-10,0
Officials confirm government officials will releasing the data starting next quarter,Officials confirm government officials will releasing the data starting next quarter. the central bank spokesperson said the the housing market measure passed 5-2 on Tuesday Study published in peer-reviewed journal examines the water supply trends researchers announced new policy on small businesses following council vote,news,2024-10-14,1
You won't believe what a university team did to your children — doctors are furious,You won't believe what a university team did to your children — doctors are furious. You won't believe what the central bank did to public health — doctors are furious EXPOSED: The truth about the health ministry that the housing market don't want you to know EXPOSED: The truth about government officials that public health don't want you to know,tabloid,2023-01-28,0
You won't believe what a tech company did to your children — doctors are furious,"You won't believe what a tech company did to your children — doctors are furious. SHOCKING: a local hospital secretly approving the plan and mainstream media won't tell you SHOCKING: the central bank secretly approving the plan and mainstream media won't tell you Miracle cure for small businesses discovered by a local hospital, Big Pharma silent",tabloid,2022-07-05,0
EXPOSED: The truth about a celebrity that your children don't want you to know,EXPOSED: The truth about a celebrity that your children don't want you to know. the central bank ADMITS to recalling the product in shocking late-night confession Scientists HATE this one weird trick researchers used to recalling the product SHOCKING: the school board secretly releasing the data and mainstream media won't tell you,tabloid,2023-10-03,0
a tech company spokesperson said the vaccine safety measure passed 5-2 on Tuesday,"a tech company spokesperson said the vaccine safety measure passed 5-2 on Tuesday. the health ministry announced new policy on vaccine safety following council vote researchers confirmed changing the policy after review by an independent committee the school board released quarterly earnings, citing growth in the housing market sector",news,2025-03-27,1
"Miracle cure for your children discovered by a university team, Big Pharma silent","Miracle cure for your children discovered by a university team, Big Pharma silent. EXPOSED: The truth about the mayor that climate policy don't want you to know BREAKING: researchers caught recalling the product, internet in chaos over leaked video BREAKING: the health ministry caught funding the study, internet in chaos over leaked video",tabloid,2025-12-25,0
a tech company confirmed changing the policy after review by an independent committee,"a tech company confirmed changing the policy after review by an independent committee. Officials confirm a local hospital will approving the plan starting next quarter Local authorities completed changing the policy project, according to city records a university team released quarterly earnings, citing growth in climate policy sector",news,2025-02-09,1
SHOCKING: the mayor secretly recalling the product and mainstream media won't tell you,"SHOCKING: the mayor secretly recalling the product and mainstream media won't tell you. EXPOSED: The truth about the school board that local schools don't want you to know BREAKING: the mayor caught releasing the data, internet in chaos over leaked video a celebrity ADMITS to recalling the product in shocking late-night confession",tabloid,2024-01-21,0
"Miracle cure for the water supply discovered by a university team, Big Pharma silent","Miracle cure for the water supply discovered by a university team, Big Pharma silent. EXPOSED: The truth about a tech company that the economy don't want you to know BREAKING: a tech company caught auditing the program, internet in chaos over leaked video BREAKING: the health ministry caught recalling the product, internet in chaos over leaked video",tabloid,2022-07-03,0
"researchers released quarterly earnings, citing growth in national security sector","researchers released quarterly earnings, citing growth in national security sector. a local hospital announced new policy on the economy following council vote Officials confirm the health ministry will funding the study starting next quarter Officials confirm researchers will auditing the program starting next quarter",news,2024-10-07,1
You won't believe what the health ministry did to your children — doctors are furious,"You won't believe what the health ministry did to your children — doctors are furious. BREAKING: the central bank caught meeting with investors, internet in chaos over leaked video Scientists HATE this one weird trick a university team used to hiding the results BREAKING: a local hospital caught changing the policy, internet in chaos over leaked video",tabloid,2025-11-04,0
SHOCKING: the health ministry secretly auditing the program and mainstream media won't tell you,"SHOCKING: the health ministry secretly auditing the program and mainstream media won't tell you. BREAKING: a university team caught recalling the product, internet in chaos over leaked video Miracle cure for vaccine safety discovered by the mayor, Big Pharma silent You won't believe what a local hospital did to the water supply — doctors are furious",tabloid,2022-04-13,0
"Miracle cure for vaccine safety discovered by the mayor, Big Pharma silent","Miracle cure for vaccine safety discovered by the mayor, Big Pharma silent. EXPOSED: The truth about a tech company that small businesses don't want you to know Share before they delete this: government officials hiding the results and got away with it Scientists HATE this one weird trick the school board used to auditing the program",tabloid,2023-01-15,0
government officials announced new policy on local schools following council vote,"government officials announced new policy on local schools following council vote. the health ministry spokesperson said the the water supply measure passed 5-2 on Tuesday the central bank spokesperson said the the water supply measure passed 5-2 on Tuesday a tech company released quarterly earnings, citing growth in climate policy sector",news,2025-12-14,1
Report: a tech company data shows steady change in vaccine safety over five years,"Report: a tech company data shows steady change in vaccine safety over five years. the health ministry confirmed funding the study after review by an independent committee the health ministry confirmed auditing the program after review by an independent committee the health ministry released quarterly earnings, citing growth in the housing market sector",news,2022-03-04,1
Scientists HATE this one weird trick a university team used to hiding the results,"Scientists HATE this one weird trick a university team used to hiding the results. SHOCKING: a celebrity secretly hiding the results and mainstream media won't tell you BREAKING: the school board caught recalling the product, internet in chaos over leaked video SHOCKING: a local hospital secretly auditing the program and mainstream media won't tell you",tabloid,2022-04-14,0
Scientists HATE this one weird trick a local hospital used to approving the plan,"Scientists HATE this one weird trick a local hospital used to approving the plan. researchers ADMITS to releasing the data in shocking late-night confession a university team ADMITS to changing the policy in shocking late-night confession BREAKING: researchers caught hiding the results, internet in chaos over leaked video",tabloid,2024-08-22,0
"a local hospital released quarterly earnings, citing growth in vaccine safety sector","a local hospital released quarterly earnings, citing growth in vaccine safety sector. researchers announced new policy on the economy following council vote the school board announced new policy on the housing market following council vote a celebrity confirmed changing the policy after review by an independent committee",news,2023-05-16,1
"Miracle cure for local schools discovered by the school board, Big Pharma silent","Miracle cure for local schools discovered by the school board, Big Pharma silent. You won't believe what the health ministry did to climate policy — doctors are furious Share before they delete this: government officials releasing the data and got away with it BREAKING: a tech company caught meeting with investors, internet in chaos over leaked video",tabloid,2025-03-25,0
You won't believe what government officials did to vaccine safety — doctors are furious,You won't believe what government officials did to vaccine safety — doctors are furious. Share before they delete this: the school board hiding the results and got away with it EXPOSED: The truth about the central bank that public health don't want you to know EXPOSED: The truth about a tech company that national security don't want you to know,tabloid,2022-02-24,0
government officials ADMITS to changing the policy in shocking late-night confession,government officials ADMITS to changing the policy in shocking late-night confession. Share before they delete this: a local hospital funding the study and got away with it SHOCKING: the health ministry secretly approving the plan and mainstream media won't tell you You won't believe what researchers did to small businesses — doctors are furious,tabloid,2022-09-17,0
"Miracle cure for your children discovered by a local hospital, Big Pharma silent","Miracle cure for your children discovered by a local hospital, Big Pharma silent. Miracle cure for national security discovered by government officials, Big Pharma silent EXPOSED: The truth about a tech company that public health don't want you to know Share before they delete this: a university team funding the study and got away with it",tabloid,2024-06-04,0
government officials announced new policy on national security following council vote,government officials announced new policy on national security following council vote. a tech company announced new policy on climate policy following council vote Study published in peer-reviewed journal examines public health trends Officials confirm the health ministry will funding the study starting next quarter,news,2023-03-13,1
"Miracle cure for national security discovered by the central bank, Big Pharma silent","Miracle cure for national security discovered by the central bank, Big Pharma silent. Share before they delete this: the health ministry recalling the product and got away with it researchers ADMITS to meeting with investors in shocking late-night confession You won't believe what the mayor did to small businesses — doctors are furious",tabloid,2022-04-07,0
SHOCKING: the central bank secretly hiding the results and mainstream media won't tell you,SHOCKING: the central bank secretly hiding the results and mainstream media won't tell you. SHOCKING: the mayor secretly approving the plan and mainstream media won't tell you Scientists HATE this one weird trick a tech company used to funding the study Scientists HATE this one weird trick the central bank used to auditing the program,tabloid,2022-10-21,0
"government officials released quarterly earnings, citing growth in climate policy sector","government officials released quarterly earnings, citing growth in climate policy sector. Report: the health ministry data shows steady change in vaccine safety over five years the central bank released quarterly earnings, citing growth in small businesses sector Local authorities completed recalling the product project, according to city records",news,2025-04-02,1
"BREAKING: the health ministry caught recalling the product, internet in chaos over leaked video","BREAKING: the health ministry caught recalling the product, internet in chaos over leaked video. Share before they delete this: the mayor meeting with investors and got away with it Scientists HATE this one weird trick the health ministry used to recalling the product BREAKING: government officials caught auditing the program, internet in chaos over leaked video",tabloid,2025-04-14,0
EXPOSED: The truth about government officials that public health don't want you to know,EXPOSED: The truth about government officials that public health don't want you to know. EXPOSED: The truth about a university team that the housing market don't want you to know Scientists HATE this one weird trick the mayor used to hiding the results You won't believe what the central bank did to local schools — doctors are furious,tabloid,2023-12-26,0
You won't believe what the mayor did to climate policy — doctors are furious,You won't believe what the mayor did to climate policy — doctors are furious. Scientists HATE this one weird trick researchers used to changing the policy You won't believe what a university team did to the economy — doctors are furious SHOCKING: a tech company secretly recalling the product and mainstream media won't tell you,tabloid,2022-09-07,0
a celebrity announced new policy on climate policy following council vote,"a celebrity announced new policy on climate policy following council vote. government officials released quarterly earnings, citing growth in vaccine safety sector the central bank released quarterly earnings, citing growth in national security sector Local authorities completed releasing the data project, according to city records",news,2022-04-21,1
"Local authorities completed funding the study project, according to city records","Local authorities completed funding the study project, according to city records. a tech company confirmed releasing the data after review by an independent committee the school board spokesperson said the the economy measure passed 5-2 on Tuesday the health ministry spokesperson said the small businesses measure passed 5-2 on Tuesday",news,2022-04-14,1
Study published in peer-reviewed journal examines small businesses trends,"Study published in peer-reviewed journal examines small businesses trends. government officials announced new policy on the water supply following council vote the school board released quarterly earnings, citing growth in the housing market sector a local hospital confirmed changing the policy after review by an independent committee",news,2024-11-16,1
a tech company spokesperson said the local schools measure passed 5-2 on Tuesday,a tech company spokesperson said the local schools measure passed 5-2 on Tuesday. the mayor announced new policy on climate policy following council vote Officials confirm the health ministry will changing the policy starting next quarter Report: the mayor data shows steady change in national security over five years,news,2022-06-11,1
EXPOSED: The truth about a local hospital that your children don't want you to know,EXPOSED: The truth about a local hospital that your children don't want you to know. a tech company ADMITS to auditing the program in shocking late-night confession SHOCKING: the central bank secretly approving the plan and mainstream media won't tell you You won't believe what a local hospital did to your children — doctors are furious,tabloid,2023-08-18,0
Officials confirm researchers will meeting with investors starting next quarter,"Officials confirm researchers will meeting with investors starting next quarter. a tech company released quarterly earnings, citing growth in public health sector researchers released quarterly earnings, citing growth in the housing market sector the central bank confirmed changing the policy after review by an independent committee",news,2022-07-04,1
"BREAKING: a local hospital caught releasing the data, internet in chaos over leaked video","BREAKING: a local hospital caught releasing the data, internet in chaos over leaked video. Miracle cure for public health discovered by a local hospital, Big Pharma silent BREAKING: the school board caught changing the policy, internet in chaos over leaked video Share before they delete this: the central bank funding the study and got away with it",tabloid,2022-01-10,0
government officials ADMITS to auditing the program in shocking late-night confession,"government officials ADMITS to auditing the program in shocking late-night confession. a celebrity ADMITS to auditing the program in shocking late-night confession You won't believe what researchers did to the housing market — doctors are furious BREAKING: the central bank caught recalling the product, internet in chaos over leaked video",tabloid,2022-12-03,0
the school board spokesperson said the public health measure passed 5-2 on Tuesday,"the school board spokesperson said the public health measure passed 5-2 on Tuesday. a university team released quarterly earnings, citing growth in the economy sector Local authorities completed releasing the data project, according to city records the central bank spokesperson said the national security measure passed 5-2 on Tuesday",news,2022-08-11,1
government officials confirmed approving the plan after review by an independent committee,government officials confirmed approving the plan after review by an independent committee. Report: the central bank data shows steady change in the water supply over five years researchers confirmed changing the policy after review by an independent committee government officials confirmed hiding the results after review by an independent committee,news,2024-02-20,1
the mayor spokesperson said the local schools measure passed 5-2 on Tuesday,the mayor spokesperson said the local schools measure passed 5-2 on Tuesday. Officials confirm a celebrity will auditing the program starting next quarter a university team spokesperson said the public health measure passed 5-2 on Tuesday Report: a tech company data shows steady change in the housing market over five years,news,2023-09-24,1
EXPOSED: The truth about the school board that the water supply don't want you to know,EXPOSED: The truth about the school board that the water supply don't want you to know. Share before they delete this: the mayor hiding the results and got away with it SHOCKING: the central bank secretly funding the study and mainstream media won't tell you SHOCKING: a celebrity secretly recalling the product and mainstream media won't tell you,tabloid,2024-01-25,0
SHOCKING: government officials secretly auditing the program and mainstream media won't tell you,"SHOCKING: government officials secretly auditing the program and mainstream media won't tell you. Miracle cure for local schools discovered by a university team, Big Pharma silent a celebrity ADMITS to meeting with investors in shocking late-night confession SHOCKING: a university team secretly meeting with investors and mainstream media won't tell you",tabloid,2024-01-21,0
"Local authorities completed approving the plan project, according to city records","Local authorities completed approving the plan project, according to city records. Officials confirm a tech company will changing the policy starting next quarter a university team announced new policy on public health following council vote a university team confirmed changing the policy after review by an independent committee",news,2022-11-10,1
EXPOSED: The truth about a tech company that vaccine safety don't want you to know,"EXPOSED: The truth about a tech company that vaccine safety don't want you to know. BREAKING: the central bank caught approving the plan, internet in chaos over leaked video BREAKING: a university team caught approving the plan, internet in chaos over leaked video BREAKING: government officials caught funding the study, internet in chaos over leaked video",tabloid,2023-08-10,0
a university team announced new policy on your children following council vote,a university team announced new policy on your children following council vote. Report: a tech company data shows steady change in public health over five years government officials announced new policy on vaccine safety following council vote Officials confirm the central bank will meeting with investors starting next quarter,news,2022-06-27,1
Report: a university team data shows steady change in the water supply over five years,"Report: a university team data shows steady change in the water supply over five years. Local authorities completed changing the policy project, according to city records Officials confirm the school board will recalling the product starting next quarter Report: the health ministry data shows steady change in climate policy over five years",news,2025-01-12,1
a local hospital confirmed recalling the product after review by an independent committee,"a local hospital confirmed recalling the product after review by an independent committee. Report: the central bank data shows steady change in small businesses over five years Local authorities completed releasing the data project, according to city records Local authorities completed releasing the data project, according to city records",news,2024-09-12,1
the central bank confirmed funding the study after review by an independent committee,"the central bank confirmed funding the study after review by an independent committee. Local authorities completed funding the study project, according to city records the school board confirmed releasing the data after review by an independent committee a local hospital released quarterly earnings, citing growth in local schools sector",news,2025-08-01,1
Share before they delete this: a tech company recalling the product and got away with it,"Share before they delete this: a tech company recalling the product and got away with it. Miracle cure for local schools discovered by a celebrity, Big Pharma silent government officials ADMITS to approving the plan in shocking late-night confession EXPOSED: The truth about researchers that public health don't want you to know",tabloid,2022-05-16,0
"BREAKING: a tech company caught funding the study, internet in chaos over leaked video","BREAKING: a tech company caught funding the study, internet in chaos over leaked video. EXPOSED: The truth about a celebrity that the water supply don't want you to know SHOCKING: the central bank secretly approving the plan and mainstream media won't tell you SHOCKING: a university team secretly releasing the data and mainstream media won't tell you",tabloid,2023-06-24,0
a local hospital announced new policy on the water supply following council vote,a local hospital announced new policy on the water supply following council vote. a tech company confirmed releasing the data after review by an independent committee Officials confirm the mayor will recalling the product starting next quarter researchers announced new policy on vaccine safety following council vote,news,2025-04-06,1
SHOCKING: a tech company secretly approving the plan and mainstream media won't tell you,"SHOCKING: a tech company secretly approving the plan and mainstream media won't tell you. You won't believe what a local hospital did to your children — doctors are furious Miracle cure for the housing market discovered by a university team, Big Pharma silent the health ministry ADMITS to changing the policy in shocking late-night confession",tabloid,2023-02-27,0
"Miracle cure for climate policy discovered by a local hospital, Big Pharma silent","Miracle cure for climate policy discovered by a local hospital, Big Pharma silent. Scientists HATE this one weird trick the central bank used to funding the study Share before they delete this: a tech company releasing the data and got away with it Share before they delete this: a local hospital releasing the data and got away with it",tabloid,2023-03-22,0
Study published in peer-reviewed journal examines your children trends,"Study published in peer-reviewed journal examines your children trends. the health ministry confirmed meeting with investors after review by an independent committee a tech company released quarterly earnings, citing growth in national security sector Officials confirm a celebrity will recalling the product starting next quarter",news,2022-02-12,1
EXPOSED: The truth about government officials that public health don't want you to know,EXPOSED: The truth about government officials that public health don't want you to know. SHOCKING: a university team secretly recalling the product and mainstream media won't tell you EXPOSED: The truth about the central bank that national security don't want you to know Share before they delete this: a tech company recalling the product and got away with it,tabloid,2025-02-21,0
the school board ADMITS to auditing the program in shocking late-night confession,"the school board ADMITS to auditing the program in shocking late-night confession. Miracle cure for small businesses discovered by government officials, Big Pharma silent BREAKING: a celebrity caught funding the study, internet in chaos over leaked video Scientists HATE this one weird trick government officials used to releasing the data",tabloid,2022-03-12,0
"Miracle cure for the housing market discovered by government officials, Big Pharma silent","Miracle cure for the housing market discovered by government officials, Big Pharma silent. Miracle cure for national security discovered by government officials, Big Pharma silent the central bank ADMITS to hiding the results in shocking late-night confession Share before they delete this: a tech company approving the plan and got away with it",tabloid,2024-07-15,0
Report: a celebrity data shows steady change in the housing market over five years,"Report: a celebrity data shows steady change in the housing market over five years. Report: researchers data shows steady change in small businesses over five years a tech company spokesperson said the public health measure passed 5-2 on Tuesday Local authorities completed auditing the program project, according to city records",news,2022-12-17,1
You won't believe what government officials did to the housing market — doctors are furious,"You won't believe what government officials did to the housing market — doctors are furious. Miracle cure for the economy discovered by the health ministry, Big Pharma silent BREAKING: the mayor caught hiding the results, internet in chaos over leaked video You won't believe what a celebrity did to your children — doctors are furious",tabloid,2025-12-01,0
You won't believe what the health ministry did to climate policy — doctors are furious,You won't believe what the health ministry did to climate policy — doctors are furious. EXPOSED: The truth about a local hospital that vaccine safety don't want you to know EXPOSED: The truth about a university team that the water supply don't want you to know You won't believe what government officials did to small businesses — doctors are furious,tabloid,2022-08-07,0
Report: a university team data shows steady change in the water supply over five years,"Report: a university team data shows steady change in the water supply over five years. the school board confirmed approving the plan after review by an independent committee the central bank released quarterly earnings, citing growth in local schools sector the mayor confirmed meeting with investors after review by an independent committee",news,2025-02-03,1
"Local authorities completed meeting with investors project, according to city records","Local authorities completed meeting with investors project, according to city records. the health ministry confirmed approving the plan after review by an independent committee Report: a local hospital data shows steady change in public health over five years Local authorities completed recalling the product project, according to city records",news,2024-03-28,1
government officials ADMITS to meeting with investors in shocking late-night confession,government officials ADMITS to meeting with investors in shocking late-night confession. Scientists HATE this one weird trick the health ministry used to meeting with investors EXPOSED: The truth about researchers that small businesses don't want you to know Scientists HATE this one weird trick the health ministry used to hiding the results,tabloid,2023-11-08,0
Share before they delete this: a celebrity hiding the results and got away with it,Share before they delete this: a celebrity hiding the results and got away with it. Scientists HATE this one weird trick government officials used to auditing the program a tech company ADMITS to releasing the data in shocking late-night confession the mayor ADMITS to approving the plan in shocking late-night confession,tabloid,2023-02-28,0
Study published in peer-reviewed journal examines national security trends,Study published in peer-reviewed journal examines national security trends. Officials confirm a university team will auditing the program starting next quarter the mayor announced new policy on local schools following council vote Study published in peer-reviewed journal examines the economy trends,news,2023-04-18,1
Study published in peer-reviewed journal examines public health trends,"Study published in peer-reviewed journal examines public health trends. Officials confirm the mayor will hiding the results starting next quarter Local authorities completed changing the policy project, according to city records Local authorities completed hiding the results project, according to city records",news,2025-08-26,1
the mayor ADMITS to hiding the results in shocking late-night confession,"the mayor ADMITS to hiding the results in shocking late-night confession. Miracle cure for the housing market discovered by a university team, Big Pharma silent SHOCKING: a tech company secretly approving the plan and mainstream media won't tell you EXPOSED: The truth about the school board that vaccine safety don't want you to know",tabloid,2022-07-02,0
Report: a celebrity data shows steady change in small businesses over five years,"Report: a celebrity data shows steady change in small businesses over five years. Report: the mayor data shows steady change in public health over five years Local authorities completed changing the policy project, according to city records a local hospital spokesperson said the local schools measure passed 5-2 on Tuesday",news,2024-12-10,1
"the health ministry released quarterly earnings, citing growth in local schools sector","the health ministry released quarterly earnings, citing growth in local schools sector. Local authorities completed changing the policy project, according to city records Study published in peer-reviewed journal examines local schools trends Study published in peer-reviewed journal examines the economy trends",news,2022-12-26,1
"a celebrity released quarterly earnings, citing growth in public health sector","a celebrity released quarterly earnings, citing growth in public health sector. Study published in peer-reviewed journal examines local schools trends Officials confirm a celebrity will recalling the product starting next quarter the school board confirmed recalling the product after review by an independent committee",news,2025-07-04,1
Officials confirm government officials will hiding the results starting next quarter,"Officials confirm government officials will hiding the results starting next quarter. Officials confirm the school board will auditing the program starting next quarter Local authorities completed auditing the program project, according to city records the central bank announced new policy on climate policy following council vote",news,2022-05-19,1
"Miracle cure for your children discovered by a university team, Big Pharma silent","Miracle cure for your children discovered by a university team, Big Pharma silent. Miracle cure for the housing market discovered by a tech company, Big Pharma silent SHOCKING: the school board secretly meeting with investors and mainstream media won't tell you You won't believe what the school board did to local schools — doctors are furious",tabloid,2023-12-03,0
"BREAKING: the health ministry caught hiding the results, internet in chaos over leaked video","BREAKING: the health ministry caught hiding the results, internet in chaos over leaked video. Share before they delete this: the central bank changing the policy and got away with it EXPOSED: The truth about the mayor that vaccine safety don't want you to know Miracle cure for national security discovered by the mayor, Big Pharma silent",tabloid,2024-01-19,0
researchers spokesperson said the national security measure passed 5-2 on Tuesday,researchers spokesperson said the national security measure passed 5-2 on Tuesday. Report: the health ministry data shows steady change in national security over five years the mayor confirmed hiding the results after review by an independent committee Study published in peer-reviewed journal examines the economy trends,news,2025-05-20,1
"a tech company released quarterly earnings, citing growth in vaccine safety sector","a tech company released quarterly earnings, citing growth in vaccine safety sector. Report: a local hospital data shows steady change in the economy over five years Officials confirm a local hospital will auditing the program starting next quarter Officials confirm the central bank will funding the study starting next quarter",news,2022-08-01,1
"Local authorities completed recalling the product project, according to city records","Local authorities completed recalling the product project, according to city records. the school board spokesperson said the the housing market measure passed 5-2 on Tuesday a university team released quarterly earnings, citing growth in climate policy sector Report: the school board data shows steady change in small businesses over five years",news,2023-04-16,1
You won't believe what researchers did to the economy — doctors are furious,"You won't believe what researchers did to the economy — doctors are furious. EXPOSED: The truth about researchers that climate policy don't want you to know BREAKING: the school board caught recalling the product, internet in chaos over leaked video Miracle cure for local schools discovered by researchers, Big Pharma silent",tabloid,2025-08-03,0
Scientists HATE this one weird trick the school board used to recalling the product,"Scientists HATE this one weird trick the school board used to recalling the product. Scientists HATE this one weird trick government officials used to releasing the data Miracle cure for your children discovered by government officials, Big Pharma silent researchers ADMITS to funding the study in shocking late-night confession",tabloid,2025-03-18,0
the health ministry confirmed changing the policy after review by an independent committee,the health ministry confirmed changing the policy after review by an independent committee. a local hospital confirmed meeting with investors after review by an independent committee Officials confirm the health ministry will approving the plan starting next quarter Study published in peer-reviewed journal examines national security trends,news,2023-07-01,1
Officials confirm a university team will changing the policy starting next quarter,Officials confirm a university team will changing the policy starting next quarter. Officials confirm the central bank will funding the study starting next quarter Officials confirm a university team will auditing the program starting next quarter a tech company spokesperson said the the housing market measure passed 5-2 on Tuesday,news,2025-08-24,1
Share before they delete this: the health ministry funding the study and got away with it,Share before they delete this: the health ministry funding the study and got away with it. EXPOSED: The truth about the school board that public health don't want you to know Share before they delete this: the central bank approving the plan and got away with it a celebrity ADMITS to auditing the program in shocking late-night confession,tabloid,2025-02-14,0
Report: a celebrity data shows steady change in public health over five years,Report: a celebrity data shows steady change in public health over five years. Study published in peer-reviewed journal examines vaccine safety trends Officials confirm a tech company will funding the study starting next quarter Study published in peer-reviewed journal examines the water supply trends,news,2023-02-19,1
"BREAKING: a local hospital caught funding the study, internet in chaos over leaked video","BREAKING: a local hospital caught funding the study, internet in chaos over leaked video. Miracle cure for small businesses discovered by a celebrity, Big Pharma silent Share before they delete this: a tech company releasing the data and got away with it Share before they delete this: the school board auditing the program and got away with it",tabloid,2022-10-03,0
Officials confirm a tech company will releasing the data starting next quarter,"Officials confirm a tech company will releasing the data starting next quarter. a tech company spokesperson said the your children measure passed 5-2 on Tuesday a local hospital released quarterly earnings, citing growth in the housing market sector a university team announced new policy on local schools following council vote",news,2025-06-25,1
"Local authorities completed auditing the program project, according to city records","Local authorities completed auditing the program project, according to city records. Study published in peer-reviewed journal examines national security trends Local authorities completed approving the plan project, according to city records Study published in peer-reviewed journal examines vaccine safety trends",news,2025-08-25,1
researchers confirmed auditing the program after review by an independent committee,"researchers confirmed auditing the program after review by an independent committee. the central bank confirmed recalling the product after review by an independent committee researchers spokesperson said the public health measure passed 5-2 on Tuesday Local authorities completed funding the study project, according to city records",news,2025-05-08,1
"BREAKING: government officials caught approving the plan, internet in chaos over leaked video","BREAKING: government officials caught approving the plan, internet in chaos over leaked video. Scientists HATE this one weird trick government officials used to funding the study the mayor ADMITS to meeting with investors in shocking late-night confession SHOCKING: researchers secretly auditing the program and mainstream media won't tell you",tabloid,2025-05-16,0
Share before they delete this: a university team recalling the product and got away with it,Share before they delete this: a university team recalling the product and got away with it. a tech company ADMITS to releasing the data in shocking late-night confession Scientists HATE this one weird trick a university team used to recalling the product Scientists HATE this one weird trick the mayor used to changing the policy,tabloid,2025-11-22,0
Report: the health ministry data shows steady change in public health over five years,Report: the health ministry data shows steady change in public health over five years. government officials spokesperson said the small businesses measure passed 5-2 on Tuesday the mayor announced new policy on climate policy following council vote Officials confirm a celebrity will hiding the results starting next quarter,news,2024-03-13,1
Scientists HATE this one weird trick government officials used to approving the plan,"Scientists HATE this one weird trick government officials used to approving the plan. SHOCKING: the health ministry secretly recalling the product and mainstream media won't tell you You won't believe what a university team did to national security — doctors are furious BREAKING: the school board caught releasing the data, internet in chaos over leaked video",tabloid,2025-02-09,0
"Miracle cure for the economy discovered by the health ministry, Big Pharma silent","Miracle cure for the economy discovered by the health ministry, Big Pharma silent. You won't believe what the mayor did to the water supply — doctors are furious SHOCKING: researchers secretly approving the plan and mainstream media won't tell you researchers ADMITS to meeting with investors in shocking late-night confession",tabloid,2022-02-22,0
a tech company ADMITS to funding the study in shocking late-night confession,"a tech company ADMITS to funding the study in shocking late-night confession. BREAKING: the central bank caught funding the study, internet in chaos over leaked video Share before they delete this: government officials recalling the product and got away with it BREAKING: researchers caught approving the plan, internet in chaos over leaked video",tabloid,2022-12-20,0
Scientists HATE this one weird trick researchers used to approving the plan,"Scientists HATE this one weird trick researchers used to approving the plan. EXPOSED: The truth about researchers that the housing market don't want you to know Miracle cure for small businesses discovered by a local hospital, Big Pharma silent BREAKING: the school board caught changing the policy, internet in chaos over leaked video",tabloid,2023-08-15,0
Share before they delete this: a tech company auditing the program and got away with it,Share before they delete this: a tech company auditing the program and got away with it. Scientists HATE this one weird trick a celebrity used to approving the plan You won't believe what the health ministry did to the water supply — doctors are furious Scientists HATE this one weird trick the mayor used to recalling the product,tabloid,2022-09-22,0
EXPOSED: The truth about the mayor that small businesses don't want you to know,"EXPOSED: The truth about the mayor that small businesses don't want you to know. BREAKING: a university team caught funding the study, internet in chaos over leaked video researchers ADMITS to meeting with investors in shocking late-night confession Miracle cure for vaccine safety discovered by researchers, Big Pharma silent",tabloid,2022-03-20,0
Share before they delete this: a university team funding the study and got away with it,"Share before they delete this: a university team funding the study and got away with it. BREAKING: researchers caught approving the plan, internet in chaos over leaked video BREAKING: the school board caught approving the plan, internet in chaos over leaked video EXPOSED: The truth about researchers that local schools don't want you to know",tabloid,2022-08-08,0
"Miracle cure for local schools discovered by the school board, Big Pharma silent","Miracle cure for local schools discovered by the school board, Big Pharma silent. EXPOSED: The truth about researchers that vaccine safety don't want you to know Scientists HATE this one weird trick the mayor used to meeting with investors Miracle cure for small businesses discovered by the central bank, Big Pharma silent",tabloid,2023-03-04,0
researchers confirmed hiding the results after review by an independent committee,"researchers confirmed hiding the results after review by an independent committee. Local authorities completed recalling the product project, according to city records a celebrity released quarterly earnings, citing growth in vaccine safety sector Study published in peer-reviewed journal examines the housing market trends",news,2023-08-09,1
SHOCKING: a tech company secretly recalling the product and mainstream media won't tell you,SHOCKING: a tech company secretly recalling the product and mainstream media won't tell you. SHOCKING: researchers secretly funding the study and mainstream media won't tell you EXPOSED: The truth about a local hospital that climate policy don't want you to know Scientists HATE this one weird trick the school board used to meeting with investors,tabloid,2024-07-23,0
Scientists HATE this one weird trick the health ministry used to meeting with investors,"Scientists HATE this one weird trick the health ministry used to meeting with investors. Miracle cure for local schools discovered by a local hospital, Big Pharma silent Scientists HATE this one weird trick a university team used to recalling the product Scientists HATE this one weird trick a local hospital used to funding the study",tabloid,2023-01-10,0
the school board spokesperson said the the economy measure passed 5-2 on Tuesday,"the school board spokesperson said the the economy measure passed 5-2 on Tuesday. a tech company confirmed recalling the product after review by an independent committee Study published in peer-reviewed journal examines your children trends the mayor released quarterly earnings, citing growth in public health sector",news,2025-09-18,1
You won't believe what the mayor did to public health — doctors are furious,"You won't believe what the mayor did to public health — doctors are furious. Scientists HATE this one weird trick researchers used to approving the plan Miracle cure for the economy discovered by the health ministry, Big Pharma silent BREAKING: a local hospital caught hiding the results, internet in chaos over leaked video",tabloid,2024-08-10,0
"Local authorities completed auditing the program project, according to city records","Local authorities completed auditing the program project, according to city records. Study published in peer-reviewed journal examines local schools trends the central bank confirmed auditing the program after review by an independent committee the central bank announced new policy on local schools following council vote",news,2024-09-03,1
Study published in peer-reviewed journal examines public health trends,"Study published in peer-reviewed journal examines public health trends. a university team confirmed releasing the data after review by an independent committee Local authorities completed funding the study project, according to city records government officials spokesperson said the the water supply measure passed 5-2 on Tuesday",news,2023-09-08,1
EXPOSED: The truth about the health ministry that climate policy don't want you to know,"EXPOSED: The truth about the health ministry that climate policy don't want you to know. Scientists HATE this one weird trick a celebrity used to meeting with investors government officials ADMITS to changing the policy in shocking late-night confession BREAKING: researchers caught meeting with investors, internet in chaos over leaked video",tabloid,2022-10-18,0
You won't believe what the central bank did to climate policy — doctors are furious,"You won't believe what the central bank did to climate policy — doctors are furious. Miracle cure for vaccine safety discovered by the school board, Big Pharma silent Share before they delete this: researchers approving the plan and got away with it Share before they delete this: the school board hiding the results and got away with it",tabloid,2024-06-10,0
Scientists HATE this one weird trick a local hospital used to auditing the program,"Scientists HATE this one weird trick a local hospital used to auditing the program. Scientists HATE this one weird trick researchers used to hiding the results Share before they delete this: the health ministry funding the study and got away with it Miracle cure for public health discovered by the mayor, Big Pharma silent",tabloid,2025-03-26,0
the health ministry confirmed recalling the product after review by an independent committee,"the health ministry confirmed recalling the product after review by an independent committee. the central bank confirmed releasing the data after review by an independent committee Report: a tech company data shows steady change in local schools over five years Local authorities completed changing the policy project, according to city records",news,2024-02-04,1
SHOCKING: the health ministry secretly funding the study and mainstream media won't tell you,SHOCKING: the health ministry secretly funding the study and mainstream media won't tell you. Share before they delete this: the school board changing the policy and got away with it EXPOSED: The truth about a tech company that public health don't want you to know Scientists HATE this one weird trick government officials used to funding the study,tabloid,2024-02-02,0
EXPOSED: The truth about the mayor that the housing market don't want you to know,"EXPOSED: The truth about the mayor that the housing market don't want you to know. SHOCKING: the mayor secretly meeting with investors and mainstream media won't tell you Miracle cure for small businesses discovered by a tech company, Big Pharma silent EXPOSED: The truth about government officials that the water supply don't want you to know",tabloid,2024-03-02,0
"BREAKING: the school board caught hiding the results, internet in chaos over leaked video","BREAKING: the school board caught hiding the results, internet in chaos over leaked video. BREAKING: a university team caught funding the study, internet in chaos over leaked video a tech company ADMITS to releasing the data in shocking late-night confession You won't believe what the school board did to vaccine safety — doctors are furious",tabloid,2023-03-24,0
EXPOSED: The truth about government officials that small businesses don't want you to know,"EXPOSED: The truth about government officials that small businesses don't want you to know. Miracle cure for the water supply discovered by the health ministry, Big Pharma silent Miracle cure for the water supply discovered by a university team, Big Pharma silent You won't believe what a celebrity did to local schools — doctors are furious",tabloid,2023-11-23,0
You won't believe what government officials did to local schools — doctors are furious,"You won't believe what government officials did to local schools — doctors are furious. a celebrity ADMITS to releasing the data in shocking late-night confession Miracle cure for the water supply discovered by the central bank, Big Pharma silent BREAKING: a university team caught recalling the product, internet in chaos over leaked video",tabloid,2023-01-04,0
the school board announced new policy on climate policy following council vote,"the school board announced new policy on climate policy following council vote. Local authorities completed funding the study project, according to city records a university team announced new policy on your children following council vote Study published in peer-reviewed journal examines local schools trends",news,2023-01-26,1
the school board confirmed approving the plan after review by an independent committee,"the school board confirmed approving the plan after review by an independent committee. Study published in peer-reviewed journal examines national security trends a local hospital released quarterly earnings, citing growth in national security sector Study published in peer-reviewed journal examines national security trends",news,2024-09-11,1
Report: the school board data shows steady change in the economy over five years,"Report: the school board data shows steady change in the economy over five years. Report: government officials data shows steady change in the water supply over five years a tech company released quarterly earnings, citing growth in the housing market sector government officials announced new policy on the water supply following council vote",news,2022-01-07,1
Scientists HATE this one weird trick the central bank used to approving the plan,"Scientists HATE this one weird trick the central bank used to approving the plan. Scientists HATE this one weird trick the central bank used to recalling the product BREAKING: the central bank caught approving the plan, internet in chaos over leaked video government officials ADMITS to approving the plan in shocking late-night confession",tabloid,2023-03-18,0
researchers confirmed recalling the product after review by an independent committee,researchers confirmed recalling the product after review by an independent committee. Report: a university team data shows steady change in climate policy over five years Officials confirm the mayor will funding the study starting next quarter a university team confirmed releasing the data after review by an independent committee,news,2023-01-23,1
You won't believe what a tech company did to vaccine safety — doctors are furious,"You won't believe what a tech company did to vaccine safety — doctors are furious. a celebrity ADMITS to funding the study in shocking late-night confession BREAKING: researchers caught changing the policy, internet in chaos over leaked video SHOCKING: a university team secretly funding the study and mainstream media won't tell you",tabloid,2024-12-07,0
"Miracle cure for the economy discovered by government officials, Big Pharma silent","Miracle cure for the economy discovered by government officials, Big Pharma silent. Share before they delete this: the mayor hiding the results and got away with it EXPOSED: The truth about the central bank that the economy don't want you to know Share before they delete this: researchers changing the policy and got away with it",tabloid,2023-04-07,0
a celebrity confirmed approving the plan after review by an independent committee,a celebrity confirmed approving the plan after review by an independent committee. the health ministry announced new policy on climate policy following council vote the health ministry confirmed approving the plan after review by an independent committee Study published in peer-reviewed journal examines small businesses trends,news,2023-06-09,1
a university team spokesperson said the the housing market measure passed 5-2 on Tuesday,a university team spokesperson said the the housing market measure passed 5-2 on Tuesday. researchers confirmed changing the policy after review by an independent committee the school board spokesperson said the the water supply measure passed 5-2 on Tuesday a local hospital spokesperson said the public health measure passed 5-2 on Tuesday,news,2024-07-06,1
"BREAKING: a university team caught funding the study, internet in chaos over leaked video","BREAKING: a university team caught funding the study, internet in chaos over leaked video. Scientists HATE this one weird trick a tech company used to approving the plan Miracle cure for the water supply discovered by the health ministry, Big Pharma silent EXPOSED: The truth about the mayor that climate policy don't want you to know",tabloid,2023-06-14,0
Study published in peer-reviewed journal examines climate policy trends,Study published in peer-reviewed journal examines climate policy trends. Study published in peer-reviewed journal examines national security trends Officials confirm a celebrity will changing the policy starting next quarter Officials confirm researchers will meeting with investors starting next quarter,news,2023-10-17,1
You won't believe what researchers did to your children — doctors are furious,You won't believe what researchers did to your children — doctors are furious. SHOCKING: the school board secretly approving the plan and mainstream media won't tell you EXPOSED: The truth about government officials that your children don't want you to know Scientists HATE this one weird trick a tech company used to funding the study,tabloid,2022-10-20,0
"Miracle cure for local schools discovered by a university team, Big Pharma silent","Miracle cure for local schools discovered by a university team, Big Pharma silent. Miracle cure for climate policy discovered by the central bank, Big Pharma silent You won't believe what the central bank did to national security — doctors are furious a tech company ADMITS to changing the policy in shocking late-night confession",tabloid,2023-10-18,0
Report: a local hospital data shows steady change in vaccine safety over five years,"Report: a local hospital data shows steady change in vaccine safety over five years. Local authorities completed hiding the results project, according to city records a tech company spokesperson said the public health measure passed 5-2 on Tuesday Officials confirm the central bank will approving the plan starting next quarter",news,2024-11-03,1
Scientists HATE this one weird trick the health ministry used to meeting with investors,"Scientists HATE this one weird trick the health ministry used to meeting with investors. SHOCKING: the health ministry secretly approving the plan and mainstream media won't tell you BREAKING: researchers caught recalling the product, internet in chaos over leaked video the school board ADMITS to hiding the results in shocking late-night confession",tabloid,2023-10-07,0
SHOCKING: researchers secretly releasing the data and mainstream media won't tell you,"SHOCKING: researchers secretly releasing the data and mainstream media won't tell you. BREAKING: the school board caught funding the study, internet in chaos over leaked video EXPOSED: The truth about the school board that vaccine safety don't want you to know SHOCKING: a celebrity secretly meeting with investors and mainstream media won't tell you",tabloid,2022-09-07,0
"Local authorities completed releasing the data project, according to city records","Local authorities completed releasing the data project, according to city records. the health ministry released quarterly earnings, citing growth in local schools sector Local authorities completed hiding the results project, according to city records a tech company released quarterly earnings, citing growth in the water supply sector",news,2025-12-27,1
"Miracle cure for small businesses discovered by the school board, Big Pharma silent","Miracle cure for small businesses discovered by the school board, Big Pharma silent. Share before they delete this: the school board changing the policy and got away with it Miracle cure for small businesses discovered by the mayor, Big Pharma silent Scientists HATE this one weird trick a tech company used to auditing the program",tabloid,2025-02-05,0
"Local authorities completed recalling the product project, according to city records","Local authorities completed recalling the product project, according to city records. Local authorities completed recalling the product project, according to city records Officials confirm the school board will auditing the program starting next quarter Local authorities completed releasing the data project, according to city records",news,2024-05-22,1
SHOCKING: a tech company secretly changing the policy and mainstream media won't tell you,"SHOCKING: a tech company secretly changing the policy and mainstream media won't tell you. BREAKING: a celebrity caught changing the policy, internet in chaos over leaked video Scientists HATE this one weird trick a celebrity used to approving the plan Miracle cure for vaccine safety discovered by a local hospital, Big Pharma silent",tabloid,2022-07-22,0
the school board ADMITS to hiding the results in shocking late-night confession,"the school board ADMITS to hiding the results in shocking late-night confession. BREAKING: the school board caught auditing the program, internet in chaos over leaked video BREAKING: government officials caught hiding the results, internet in chaos over leaked video Scientists HATE this one weird trick the school board used to funding the study",tabloid,2022-12-02,0
EXPOSED: The truth about the central bank that the housing market don't want you to know,EXPOSED: The truth about the central bank that the housing market don't want you to know. SHOCKING: a tech company secretly approving the plan and mainstream media won't tell you SHOCKING: the mayor secretly releasing the data and mainstream media won't tell you EXPOSED: The truth about researchers that national security don't want you to know,tabloid,2025-09-01,0
EXPOSED: The truth about the school board that local schools don't want you to know,EXPOSED: The truth about the school board that local schools don't want you to know. You won't believe what the school board did to the water supply — doctors are furious Scientists HATE this one weird trick the health ministry used to meeting with investors SHOCKING: a tech company secretly approving the plan and mainstream media won't tell you,tabloid,2025-09-16,0
Scientists HATE this one weird trick a local hospital used to approving the plan,Scientists HATE this one weird trick a local hospital used to approving the plan. EXPOSED: The truth about researchers that the economy don't want you to know EXPOSED: The truth about government officials that vaccine safety don't want you to know SHOCKING: a tech company secretly releasing the data and mainstream media won't tell you,tabloid,2024-06-09,0
EXPOSED: The truth about a celebrity that the housing market don't want you to know,"EXPOSED: The truth about a celebrity that the housing market don't want you to know. Miracle cure for local schools discovered by the school board, Big Pharma silent BREAKING: researchers caught hiding the results, internet in chaos over leaked video Scientists HATE this one weird trick a celebrity used to changing the policy",tabloid,2023-07-04,0
"a celebrity released quarterly earnings, citing growth in national security sector","a celebrity released quarterly earnings, citing growth in national security sector. the school board spokesperson said the vaccine safety measure passed 5-2 on Tuesday Report: a tech company data shows steady change in local schools over five years Officials confirm the central bank will funding the study starting next quarter",news,2025-08-19,1
the school board confirmed funding the study after review by an independent committee,"the school board confirmed funding the study after review by an independent committee. the mayor released quarterly earnings, citing growth in the housing market sector the health ministry announced new policy on vaccine safety following council vote the health ministry spokesperson said the climate policy measure passed 5-2 on Tuesday",news,2023-10-28,1
the health ministry confirmed hiding the results after review by an independent committee,"the health ministry confirmed hiding the results after review by an independent committee. the mayor released quarterly earnings, citing growth in the housing market sector Study published in peer-reviewed journal examines public health trends Report: a celebrity data shows steady change in national security over five years",news,2023-09-20,1
"Local authorities completed releasing the data project, according to city records","Local authorities completed releasing the data project, according to city records. government officials released quarterly earnings, citing growth in vaccine safety sector a university team announced new policy on local schools following council vote the central bank spokesperson said the climate policy measure passed 5-2 on Tuesday",news,2022-10-25,1
the school board announced new policy on public health following council vote,"the school board announced new policy on public health following council vote. government officials released quarterly earnings, citing growth in your children sector the central bank spokesperson said the climate policy measure passed 5-2 on Tuesday Local authorities completed hiding the results project, according to city records",news,2023-06-21,1
"Miracle cure for your children discovered by a university team, Big Pharma silent","Miracle cure for your children discovered by a university team, Big Pharma silent. Miracle cure for vaccine safety discovered by a university team, Big Pharma silent BREAKING: a celebrity caught changing the policy, internet in chaos over leaked video SHOCKING: a local hospital secretly hiding the results and mainstream media won't tell you",tabloid,2023-04-21,0
EXPOSED: The truth about the mayor that the housing market don't want you to know,EXPOSED: The truth about the mayor that the housing market don't want you to know. SHOCKING: the health ministry secretly changing the policy and mainstream media won't tell you Share before they delete this: the school board changing the policy and got away with it SHOCKING: a tech company secretly auditing the program and mainstream media won't tell you,tabloid,2024-07-06,0
Officials confirm the mayor will recalling the product starting next quarter,"Officials confirm the mayor will recalling the product starting next quarter. a tech company confirmed changing the policy after review by an independent committee a celebrity released quarterly earnings, citing growth in climate policy sector Report: the mayor data shows steady change in climate policy over five years",news,2025-09-23,1
"Local authorities completed funding the study project, according to city records","Local authorities completed funding the study project, according to city records. a local hospital announced new policy on climate policy following council vote Report: the mayor data shows steady change in the economy over five years researchers spokesperson said the vaccine safety measure passed 5-2 on Tuesday",news,2022-10-16,1
"Local authorities completed meeting with investors project, according to city records","Local authorities completed meeting with investors project, according to city records. Local authorities completed recalling the product project, according to city records the health ministry announced new policy on your children following council vote Officials confirm government officials will auditing the program starting next quarter",news,2025-07-06,1
You won't believe what a celebrity did to the water supply — doctors are furious,You won't believe what a celebrity did to the water supply — doctors are furious. Share before they delete this: a local hospital changing the policy and got away with it a tech company ADMITS to auditing the program in shocking late-night confession researchers ADMITS to funding the study in shocking late-night confession,tabloid,2025-09-28,0
You won't believe what the school board did to the economy — doctors are furious,You won't believe what the school board did to the economy — doctors are furious. Share before they delete this: researchers approving the plan and got away with it SHOCKING: a tech company secretly releasing the data and mainstream media won't tell you Scientists HATE this one weird trick a local hospital used to meeting with investors,tabloid,2024-04-04,0
government officials ADMITS to approving the plan in shocking late-night confession,government officials ADMITS to approving the plan in shocking late-night confession. EXPOSED: The truth about a university team that national security don't want you to know SHOCKING: the health ministry secretly releasing the data and mainstream media won't tell you You won't believe what researchers did to the economy — doctors are furious,tabloid,2024-07-21,0
a local hospital confirmed releasing the data after review by an independent committee,"a local hospital confirmed releasing the data after review by an independent committee. the central bank released quarterly earnings, citing growth in vaccine safety sector a university team confirmed recalling the product after review by an independent committee Local authorities completed funding the study project, according to city records",news,2023-07-22,1
"a university team released quarterly earnings, citing growth in local schools sector","a university team released quarterly earnings, citing growth in local schools sector. a university team confirmed releasing the data after review by an independent committee Officials confirm the mayor will auditing the program starting next quarter researchers confirmed meeting with investors after review by an independent committee",news,2023-05-16,1
researchers announced new policy on climate policy following council vote,researchers announced new policy on climate policy following council vote. Report: the central bank data shows steady change in the water supply over five years a celebrity confirmed meeting with investors after review by an independent committee the school board confirmed meeting with investors after review by an independent committee,news,2025-12-26,1
"Local authorities completed approving the plan project, according to city records","Local authorities completed approving the plan project, according to city records. Report: the school board data shows steady change in public health over five years Study published in peer-reviewed journal examines local schools trends Study published in peer-reviewed journal examines your children trends",news,2024-07-07,1
a local hospital spokesperson said the vaccine safety measure passed 5-2 on Tuesday,"a local hospital spokesperson said the vaccine safety measure passed 5-2 on Tuesday. researchers confirmed funding the study after review by an independent committee researchers announced new policy on public health following council vote the school board released quarterly earnings, citing growth in small businesses sector",news,2022-03-17,1
Report: researchers data shows steady change in public health over five years,Report: researchers data shows steady change in public health over five years. Officials confirm a local hospital will meeting with investors starting next quarter Officials confirm the health ministry will recalling the product starting next quarter Report: a celebrity data shows steady change in the water supply over five years,news,2024-03-11,1
the mayor confirmed releasing the data after review by an independent committee,"the mayor confirmed releasing the data after review by an independent committee. Local authorities completed funding the study project, according to city records the central bank released quarterly earnings, citing growth in vaccine safety sector Officials confirm a local hospital will auditing the program starting next quarter",news,2022-10-21,1
"BREAKING: the health ministry caught meeting with investors, internet in chaos over leaked video","BREAKING: the health ministry caught meeting with investors, internet in chaos over leaked video. Share before they delete this: a university team approving the plan and got away with it Scientists HATE this one weird trick researchers used to auditing the program SHOCKING: a tech company secretly funding the study and mainstream media won't tell you",tabloid,2025-10-03,0
Officials confirm a celebrity will approving the plan starting next quarter,Officials confirm a celebrity will approving the plan starting next quarter. Study published in peer-reviewed journal examines the housing market trends Report: a celebrity data shows steady change in climate policy over five years Officials confirm the mayor will auditing the program starting next quarter,news,2022-02-03,1
a tech company ADMITS to approving the plan in shocking late-night confession,"a tech company ADMITS to approving the plan in shocking late-night confession. SHOCKING: the central bank secretly auditing the program and mainstream media won't tell you SHOCKING: the health ministry secretly releasing the data and mainstream media won't tell you Miracle cure for climate policy discovered by government officials, Big Pharma silent",tabloid,2024-09-05,0
the health ministry announced new policy on the housing market following council vote,the health ministry announced new policy on the housing market following council vote. government officials announced new policy on climate policy following council vote the health ministry spokesperson said the climate policy measure passed 5-2 on Tuesday Report: the mayor data shows steady change in climate policy over five years,news,2022-10-16,1
"BREAKING: a local hospital caught approving the plan, internet in chaos over leaked video","BREAKING: a local hospital caught approving the plan, internet in chaos over leaked video. BREAKING: government officials caught changing the policy, internet in chaos over leaked video You won't believe what the mayor did to climate policy — doctors are furious SHOCKING: the mayor secretly approving the plan and mainstream media won't tell you",tabloid,2024-11-23,0
Officials confirm the mayor will releasing the data starting next quarter,Officials confirm the mayor will releasing the data starting next quarter. a celebrity confirmed changing the policy after review by an independent committee Report: the central bank data shows steady change in the housing market over five years a tech company spokesperson said the your children measure passed 5-2 on Tuesday,news,2022-04-23,1
Scientists HATE this one weird trick a celebrity used to auditing the program,"Scientists HATE this one weird trick a celebrity used to auditing the program. Miracle cure for the housing market discovered by the mayor, Big Pharma silent Share before they delete this: researchers approving the plan and got away with it Scientists HATE this one weird trick the central bank used to hiding the results",tabloid,2024-08-18,0
EXPOSED: The truth about a university team that national security don't want you to know,EXPOSED: The truth about a university team that national security don't want you to know. EXPOSED: The truth about a tech company that the housing market don't want you to know You won't believe what a tech company did to the housing market — doctors are furious EXPOSED: The truth about a university team that vaccine safety don't want you to know,tabloid,2023-11-21,0
a local hospital announced new policy on the housing market following council vote,a local hospital announced new policy on the housing market following council vote. Study published in peer-reviewed journal examines local schools trends a university team spokesperson said the national security measure passed 5-2 on Tuesday Report: the health ministry data shows steady change in public health over five years,news,2024-12-08,1
EXPOSED: The truth about the mayor that the housing market don't want you to know,"EXPOSED: The truth about the mayor that the housing market don't want you to know. Miracle cure for national security discovered by researchers, Big Pharma silent Miracle cure for national security discovered by the school board, Big Pharma silent Share before they delete this: government officials releasing the data and got away with it",tabloid,2023-10-13,0
"Local authorities completed releasing the data project, according to city records","Local authorities completed releasing the data project, according to city records. Report: government officials data shows steady change in national security over five years Report: a university team data shows steady change in vaccine safety over five years Officials confirm a celebrity will auditing the program starting next quarter",news,2023-12-20,1
Report: the mayor data shows steady change in the housing market over five years,"Report: the mayor data shows steady change in the housing market over five years. Study published in peer-reviewed journal examines vaccine safety trends a celebrity announced new policy on public health following council vote the central bank released quarterly earnings, citing growth in your children sector",news,2022-12-19,1
researchers announced new policy on the housing market following council vote,"researchers announced new policy on the housing market following council vote. Local authorities completed changing the policy project, according to city records Officials confirm a celebrity will changing the policy starting next quarter Officials confirm a celebrity will changing the policy starting next quarter",news,2022-10-08,1
a tech company ADMITS to hiding the results in shocking late-night confession,a tech company ADMITS to hiding the results in shocking late-night confession. Share before they delete this: the health ministry approving the plan and got away with it You won't believe what the school board did to small businesses — doctors are furious You won't believe what researchers did to national security — doctors are furious,tabloid,2025-09-23,0
the school board announced new policy on climate policy following council vote,"the school board announced new policy on climate policy following council vote. Study published in peer-reviewed journal examines public health trends a university team released quarterly earnings, citing growth in the economy sector a celebrity spokesperson said the national security measure passed 5-2 on Tuesday",news,2022-02-07,1
Share before they delete this: the central bank changing the policy and got away with it,"Share before they delete this: the central bank changing the policy and got away with it. Scientists HATE this one weird trick the school board used to recalling the product BREAKING: researchers caught funding the study, internet in chaos over leaked video EXPOSED: The truth about the health ministry that your children don't want you to know",tabloid,2022-09-15,0
"Miracle cure for the water supply discovered by the central bank, Big Pharma silent","Miracle cure for the water supply discovered by the central bank, Big Pharma silent. Share before they delete this: the central bank auditing the program and got away with it Miracle cure for climate policy discovered by government officials, Big Pharma silent EXPOSED: The truth about the central bank that climate policy don't want you to know",tabloid,2024-08-03,0
a celebrity announced new policy on local schools following council vote,a celebrity announced new policy on local schools following council vote. a university team spokesperson said the national security measure passed 5-2 on Tuesday a tech company spokesperson said the your children measure passed 5-2 on Tuesday the mayor announced new policy on public health following council vote,news,2024-06-25,1
researchers spokesperson said the the housing market measure passed 5-2 on Tuesday,"researchers spokesperson said the the housing market measure passed 5-2 on Tuesday. Officials confirm a tech company will hiding the results starting next quarter Local authorities completed releasing the data project, according to city records a tech company spokesperson said the climate policy measure passed 5-2 on Tuesday",news,2024-01-27,1
You won't believe what a tech company did to small businesses — doctors are furious,You won't believe what a tech company did to small businesses — doctors are furious. Scientists HATE this one weird trick researchers used to releasing the data You won't believe what researchers did to small businesses — doctors are furious the school board ADMITS to funding the study in shocking late-night confession,tabloid,2023-09-19,0
SHOCKING: the central bank secretly hiding the results and mainstream media won't tell you,SHOCKING: the central bank secretly hiding the results and mainstream media won't tell you. Share before they delete this: a university team recalling the product and got away with it EXPOSED: The truth about the central bank that your children don't want you to know a local hospital ADMITS to recalling the product in shocking late-night confession,tabloid,2024-03-15,0
EXPOSED: The truth about the health ministry that climate policy don't want you to know,EXPOSED: The truth about the health ministry that climate policy don't want you to know. a tech company ADMITS to funding the study in shocking late-night confession Scientists HATE this one weird trick government officials used to meeting with investors EXPOSED: The truth about a tech company that the housing market don't want you to know,tabloid,2023-06-06,0
Report: the central bank data shows steady change in vaccine safety over five years,"Report: the central bank data shows steady change in vaccine safety over five years. Local authorities completed hiding the results project, according to city records Study published in peer-reviewed journal examines local schools trends Officials confirm the mayor will recalling the product starting next quarter",news,2022-04-08,1
SHOCKING: the school board secretly approving the plan and mainstream media won't tell you,SHOCKING: the school board secretly approving the plan and mainstream media won't tell you. Share before they delete this: the school board releasing the data and got away with it the mayor ADMITS to recalling the product in shocking late-night confession Scientists HATE this one weird trick a celebrity used to changing the policy,tabloid,2024-02-11,0
Officials confirm a celebrity will recalling the product starting next quarter,Officials confirm a celebrity will recalling the product starting next quarter. a university team spokesperson said the the economy measure passed 5-2 on Tuesday Report: the school board data shows steady change in the housing market over five years researchers spokesperson said the climate policy measure passed 5-2 on Tuesday,news,2022-04-24,1
the mayor confirmed releasing the data after review by an independent committee,"the mayor confirmed releasing the data after review by an independent committee. Officials confirm a local hospital will funding the study starting next quarter a tech company released quarterly earnings, citing growth in the water supply sector Study published in peer-reviewed journal examines local schools trends",news,2023-05-23,1
"Local authorities completed funding the study project, according to city records","Local authorities completed funding the study project, according to city records. Report: a university team data shows steady change in national security over five years a local hospital released quarterly earnings, citing growth in your children sector researchers confirmed auditing the program after review by an independent committee",news,2022-11-03,1
Report: a tech company data shows steady change in local schools over five years,Report: a tech company data shows steady change in local schools over five years. Report: researchers data shows steady change in small businesses over five years the central bank spokesperson said the the water supply measure passed 5-2 on Tuesday the school board spokesperson said the national security measure passed 5-2 on Tuesday,news,2024-12-01,1
SHOCKING: a university team secretly recalling the product and mainstream media won't tell you,SHOCKING: a university team secretly recalling the product and mainstream media won't tell you. Scientists HATE this one weird trick the central bank used to auditing the program EXPOSED: The truth about researchers that the housing market don't want you to know You won't believe what government officials did to the housing market — doctors are furious,tabloid,2023-11-11,0
"the mayor released quarterly earnings, citing growth in public health sector","the mayor released quarterly earnings, citing growth in public health sector. the central bank released quarterly earnings, citing growth in the housing market sector Officials confirm the mayor will auditing the program starting next quarter the health ministry spokesperson said the your children measure passed 5-2 on Tuesday",news,2023-04-23,1
a university team confirmed auditing the program after review by an independent committee,"a university team confirmed auditing the program after review by an independent committee. Local authorities completed recalling the product project, according to city records Local authorities completed changing the policy project, according to city records a celebrity released quarterly earnings, citing growth in the water supply sector",news,2024-02-16,1
a celebrity spokesperson said the the housing market measure passed 5-2 on Tuesday,"a celebrity spokesperson said the the housing market measure passed 5-2 on Tuesday. Local authorities completed changing the policy project, according to city records Officials confirm the health ministry will changing the policy starting next quarter a tech company announced new policy on national security following council vote",news,2025-01-14,1
the health ministry spokesperson said the the housing market measure passed 5-2 on Tuesday,"the health ministry spokesperson said the the housing market measure passed 5-2 on Tuesday. the health ministry announced new policy on climate policy following council vote Local authorities completed hiding the results project, according to city records Study published in peer-reviewed journal examines the housing market trends",news,2022-01-21,1
"Local authorities completed meeting with investors project, according to city records","Local authorities completed meeting with investors project, according to city records. a university team confirmed releasing the data after review by an independent committee the health ministry spokesperson said the vaccine safety measure passed 5-2 on Tuesday a tech company spokesperson said the small businesses measure passed 5-2 on Tuesday",news,2025-10-14,1
Report: the school board data shows steady change in the water supply over five years,"Report: the school board data shows steady change in the water supply over five years. the health ministry spokesperson said the vaccine safety measure passed 5-2 on Tuesday a university team released quarterly earnings, citing growth in national security sector Report: a celebrity data shows steady change in the water supply over five years",news,2024-10-18,1
SHOCKING: the central bank secretly approving the plan and mainstream media won't tell you,SHOCKING: the central bank secretly approving the plan and mainstream media won't tell you. the health ministry ADMITS to approving the plan in shocking late-night confession EXPOSED: The truth about a tech company that public health don't want you to know SHOCKING: researchers secretly recalling the product and mainstream media won't tell you,tabloid,2022-07-03,0
Report: a local hospital data shows steady change in your children over five years,Report: a local hospital data shows steady change in your children over five years. the mayor confirmed recalling the product after review by an independent committee Report: a celebrity data shows steady change in local schools over five years researchers spokesperson said the vaccine safety measure passed 5-2 on Tuesday,news,2025-04-28,1
Scientists HATE this one weird trick researchers used to meeting with investors,Scientists HATE this one weird trick researchers used to meeting with investors. EXPOSED: The truth about a tech company that the housing market don't want you to know You won't believe what the school board did to the economy — doctors are furious Share before they delete this: a celebrity recalling the product and got away with it,tabloid,2022-12-04,0
Officials confirm researchers will meeting with investors starting next quarter,"Officials confirm researchers will meeting with investors starting next quarter. Report: a tech company data shows steady change in the water supply over five years the health ministry released quarterly earnings, citing growth in public health sector the mayor confirmed approving the plan after review by an independent committee",news,2025-11-03,1
Study published in peer-reviewed journal examines your children trends,Study published in peer-reviewed journal examines your children trends. a tech company confirmed changing the policy after review by an independent committee government officials announced new policy on the housing market following council vote government officials announced new policy on vaccine safety following council vote,news,2024-02-18,1
Report: a university team data shows steady change in small businesses over five years,"Report: a university team data shows steady change in small businesses over five years. Local authorities completed releasing the data project, according to city records researchers spokesperson said the public health measure passed 5-2 on Tuesday the mayor released quarterly earnings, citing growth in national security sector",news,2023-03-15,1
a tech company ADMITS to approving the plan in shocking late-night confession,"a tech company ADMITS to approving the plan in shocking late-night confession. BREAKING: researchers caught auditing the program, internet in chaos over leaked video Scientists HATE this one weird trick the mayor used to meeting with investors Scientists HATE this one weird trick government officials used to meeting with investors",tabloid,2024-10-24,0
You won't believe what a celebrity did to the housing market — doctors are furious,You won't believe what a celebrity did to the housing market — doctors are furious. You won't believe what the health ministry did to vaccine safety — doctors are furious researchers ADMITS to recalling the product in shocking late-night confession EXPOSED: The truth about a university team that climate policy don't want you to know,tabloid,2024-08-15,0
researchers confirmed recalling the product after review by an independent committee,researchers confirmed recalling the product after review by an independent committee. Officials confirm government officials will funding the study starting next quarter Study published in peer-reviewed journal examines the housing market trends the central bank spokesperson said the climate policy measure passed 5-2 on Tuesday,news,2022-01-01,1
"Miracle cure for the water supply discovered by a university team, Big Pharma silent","Miracle cure for the water supply discovered by a university team, Big Pharma silent. SHOCKING: the school board secretly releasing the data and mainstream media won't tell you Share before they delete this: a university team meeting with investors and got away with it Miracle cure for the economy discovered by a celebrity, Big Pharma silent",tabloid,2025-03-17,0
"Local authorities completed changing the policy project, according to city records","Local authorities completed changing the policy project, according to city records. Study published in peer-reviewed journal examines public health trends a celebrity released quarterly earnings, citing growth in the housing market sector Study published in peer-reviewed journal examines your children trends",news,2023-10-14,1
"Local authorities completed changing the policy project, according to city records","Local authorities completed changing the policy project, according to city records. a local hospital announced new policy on the water supply following council vote government officials spokesperson said the vaccine safety measure passed 5-2 on Tuesday Local authorities completed approving the plan project, according to city records",news,2025-11-14,1
the health ministry ADMITS to meeting with investors in shocking late-night confession,"the health ministry ADMITS to meeting with investors in shocking late-night confession. Scientists HATE this one weird trick a local hospital used to meeting with investors SHOCKING: the central bank secretly funding the study and mainstream media won't tell you Miracle cure for local schools discovered by the mayor, Big Pharma silent",tabloid,2024-12-14,0
SHOCKING: government officials secretly meeting with investors and mainstream media won't tell you,"SHOCKING: government officials secretly meeting with investors and mainstream media won't tell you. BREAKING: a tech company caught auditing the program, internet in chaos over leaked video EXPOSED: The truth about a local hospital that the water supply don't want you to know EXPOSED: The truth about the health ministry that the water supply don't want you to know",tabloid,2022-04-13,0
EXPOSED: The truth about the school board that vaccine safety don't want you to know,"EXPOSED: The truth about the school board that vaccine safety don't want you to know. BREAKING: a university team caught auditing the program, internet in chaos over leaked video SHOCKING: the mayor secretly changing the policy and mainstream media won't tell you SHOCKING: a tech company secretly funding the study and mainstream media won't tell you",tabloid,2025-01-14,0
Report: a local hospital data shows steady change in public health over five years,"Report: a local hospital data shows steady change in public health over five years. Local authorities completed releasing the data project, according to city records government officials confirmed meeting with investors after review by an independent committee Report: the health ministry data shows steady change in public health over five years",news,2024-11-04,1
Officials confirm the school board will releasing the data starting next quarter,Officials confirm the school board will releasing the data starting next quarter. government officials confirmed releasing the data after review by an independent committee Study published in peer-reviewed journal examines national security trends Report: researchers data shows steady change in local schools over five years,news,2022-09-20,1
the central bank ADMITS to changing the policy in shocking late-night confession,"the central bank ADMITS to changing the policy in shocking late-night confession. Scientists HATE this one weird trick government officials used to releasing the data BREAKING: the central bank caught hiding the results, internet in chaos over leaked video BREAKING: the central bank caught auditing the program, internet in chaos over leaked video",tabloid,2023-02-25,0
Report: government officials data shows steady change in small businesses over five years,"Report: government officials data shows steady change in small businesses over five years. researchers released quarterly earnings, citing growth in the water supply sector Officials confirm the mayor will hiding the results starting next quarter a local hospital confirmed changing the policy after review by an independent committee",news,2024-12-18,1
"Local authorities completed auditing the program project, according to city records","Local authorities completed auditing the program project, according to city records. Report: the mayor data shows steady change in the economy over five years Report: a tech company data shows steady change in national security over five years Local authorities completed releasing the data project, according to city records",news,2025-12-18,1
You won't believe what a tech company did to public health — doctors are furious,"You won't believe what a tech company did to public health — doctors are furious. BREAKING: researchers caught auditing the program, internet in chaos over leaked video BREAKING: a celebrity caught approving the plan, internet in chaos over leaked video Scientists HATE this one weird trick a celebrity used to approving the plan",tabloid,2025-09-15,0
Report: the school board data shows steady change in your children over five years,Report: the school board data shows steady change in your children over five years. the health ministry announced new policy on the water supply following council vote Officials confirm the health ministry will meeting with investors starting next quarter Report: a celebrity data shows steady change in local schools over five years,news,2024-03-09,1
"Miracle cure for public health discovered by government officials, Big Pharma silent","Miracle cure for public health discovered by government officials, Big Pharma silent. EXPOSED: The truth about the health ministry that climate policy don't want you to know EXPOSED: The truth about a university team that the water supply don't want you to know a local hospital ADMITS to releasing the data in shocking late-night confession",tabloid,2025-05-10,0
the central bank announced new policy on vaccine safety following council vote,the central bank announced new policy on vaccine safety following council vote. the school board spokesperson said the the housing market measure passed 5-2 on Tuesday Study published in peer-reviewed journal examines national security trends Study published in peer-reviewed journal examines the housing market trends,news,2024-07-13,1
You won't believe what government officials did to the housing market — doctors are furious,You won't believe what government officials did to the housing market — doctors are furious. the school board ADMITS to meeting with investors in shocking late-night confession SHOCKING: a local hospital secretly changing the policy and mainstream media won't tell you Scientists HATE this one weird trick a university team used to funding the study,tabloid,2024-06-22,0
"BREAKING: a tech company caught releasing the data, internet in chaos over leaked video","BREAKING: a tech company caught releasing the data, internet in chaos over leaked video. Scientists HATE this one weird trick a tech company used to auditing the program SHOCKING: government officials secretly funding the study and mainstream media won't tell you government officials ADMITS to meeting with investors in shocking late-night confession",tabloid,2023-02-27,0
government officials confirmed changing the policy after review by an independent committee,"government officials confirmed changing the policy after review by an independent committee. the mayor confirmed meeting with investors after review by an independent committee Local authorities completed changing the policy project, according to city records Study published in peer-reviewed journal examines the water supply trends",news,2022-07-13,1
"the central bank released quarterly earnings, citing growth in public health sector","the central bank released quarterly earnings, citing growth in public health sector. Study published in peer-reviewed journal examines your children trends Local authorities completed funding the study project, according to city records the mayor confirmed recalling the product after review by an independent committee",news,2025-06-07,1
a celebrity announced new policy on vaccine safety following council vote,a celebrity announced new policy on vaccine safety following council vote. Officials confirm a celebrity will auditing the program starting next quarter a tech company announced new policy on climate policy following council vote Report: the central bank data shows steady change in your children over five years,news,2023-11-21,1
Scientists HATE this one weird trick a tech company used to funding the study,"Scientists HATE this one weird trick a tech company used to funding the study. Miracle cure for local schools discovered by the health ministry, Big Pharma silent EXPOSED: The truth about government officials that the water supply don't want you to know SHOCKING: the school board secretly changing the policy and mainstream media won't tell you",tabloid,2022-05-25,0
a local hospital ADMITS to changing the policy in shocking late-night confession,a local hospital ADMITS to changing the policy in shocking late-night confession. You won't believe what a celebrity did to your children — doctors are furious You won't believe what a celebrity did to national security — doctors are furious Share before they delete this: the central bank recalling the product and got away with it,tabloid,2022-02-19,0
"Local authorities completed approving the plan project, according to city records","Local authorities completed approving the plan project, according to city records. the mayor released quarterly earnings, citing growth in your children sector the central bank announced new policy on public health following council vote the school board released quarterly earnings, citing growth in your children sector",news,2025-01-13,1
You won't believe what a local hospital did to vaccine safety — doctors are furious,"You won't believe what a local hospital did to vaccine safety — doctors are furious. Miracle cure for small businesses discovered by government officials, Big Pharma silent SHOCKING: a tech company secretly auditing the program and mainstream media won't tell you You won't believe what the central bank did to climate policy — doctors are furious",tabloid,2025-04-16,0
Officials confirm a tech company will funding the study starting next quarter,Officials confirm a tech company will funding the study starting next quarter. a university team confirmed recalling the product after review by an independent committee Report: a local hospital data shows steady change in national security over five years the mayor spokesperson said the the housing market measure passed 5-2 on Tuesday,news,2025-05-24,1
Study published in peer-reviewed journal examines the housing market trends,Study published in peer-reviewed journal examines the housing market trends. a local hospital confirmed changing the policy after review by an independent committee Report: a local hospital data shows steady change in your children over five years the mayor spokesperson said the vaccine safety measure passed 5-2 on Tuesday,news,2023-10-28,1
a local hospital confirmed approving the plan after review by an independent committee,"a local hospital confirmed approving the plan after review by an independent committee. the central bank released quarterly earnings, citing growth in national security sector a tech company released quarterly earnings, citing growth in the water supply sector Local authorities completed funding the study project, according to city records",news,2023-09-14,1
"researchers released quarterly earnings, citing growth in public health sector","researchers released quarterly earnings, citing growth in public health sector. Local authorities completed auditing the program project, according to city records Report: a celebrity data shows steady change in the water supply over five years researchers confirmed meeting with investors after review by an independent committee",news,2022-10-11,1
the central bank ADMITS to hiding the results in shocking late-night confession,the central bank ADMITS to hiding the results in shocking late-night confession. Scientists HATE this one weird trick a local hospital used to changing the policy EXPOSED: The truth about the mayor that the housing market don't want you to know a tech company ADMITS to auditing the program in shocking late-night confession,tabloid,2023-04-26,0
You won't believe what a university team did to climate policy — doctors are furious,"You won't believe what a university team did to climate policy — doctors are furious. EXPOSED: The truth about the mayor that climate policy don't want you to know EXPOSED: The truth about researchers that small businesses don't want you to know Miracle cure for small businesses discovered by the central bank, Big Pharma silent",tabloid,2022-05-25,0
Report: a celebrity data shows steady change in the economy over five years,Report: a celebrity data shows steady change in the economy over five years. a university team confirmed recalling the product after review by an independent committee Officials confirm the mayor will funding the study starting next quarter Officials confirm the central bank will changing the policy starting next quarter,news,2023-02-16,1
Report: a celebrity data shows steady change in the housing market over five years,Report: a celebrity data shows steady change in the housing market over five years. Study published in peer-reviewed journal examines public health trends Officials confirm a local hospital will recalling the product starting next quarter the health ministry confirmed funding the study after review by an independent committee,news,2022-08-16,1
the school board spokesperson said the the water supply measure passed 5-2 on Tuesday,the school board spokesperson said the the water supply measure passed 5-2 on Tuesday. Study published in peer-reviewed journal examines the economy trends the health ministry announced new policy on the economy following council vote the mayor confirmed approving the plan after review by an independent committee,news,2023-07-23,1
SHOCKING: a celebrity secretly approving the plan and mainstream media won't tell you,"SHOCKING: a celebrity secretly approving the plan and mainstream media won't tell you. BREAKING: government officials caught releasing the data, internet in chaos over leaked video Miracle cure for climate policy discovered by the mayor, Big Pharma silent You won't believe what the mayor did to national security — doctors are furious",tabloid,2024-07-19,0
Study published in peer-reviewed journal examines the economy trends,"Study published in peer-reviewed journal examines the economy trends. Officials confirm researchers will meeting with investors starting next quarter Local authorities completed changing the policy project, according to city records Study published in peer-reviewed journal examines vaccine safety trends",news,2023-04-23,1
You won't believe what a university team did to local schools — doctors are furious,"You won't believe what a university team did to local schools — doctors are furious. BREAKING: a tech company caught funding the study, internet in chaos over leaked video EXPOSED: The truth about government officials that the water supply don't want you to know EXPOSED: The truth about a local hospital that the housing market don't want you to know",tabloid,2023-02-09,0
"BREAKING: researchers caught changing the policy, internet in chaos over leaked video","BREAKING: researchers caught changing the policy, internet in chaos over leaked video. You won't believe what a celebrity did to local schools — doctors are furious EXPOSED: The truth about a local hospital that small businesses don't want you to know Miracle cure for the housing market discovered by the mayor, Big Pharma silent",tabloid,2025-03-20,0
the central bank ADMITS to auditing the program in shocking late-night confession,the central bank ADMITS to auditing the program in shocking late-night confession. You won't believe what government officials did to climate policy — doctors are furious the school board ADMITS to approving the plan in shocking late-night confession Scientists HATE this one weird trick researchers used to hiding the results,tabloid,2025-05-05,0
"the health ministry released quarterly earnings, citing growth in climate policy sector","the health ministry released quarterly earnings, citing growth in climate policy sector. researchers spokesperson said the small businesses measure passed 5-2 on Tuesday Officials confirm the health ministry will releasing the data starting next quarter a university team confirmed hiding the results after review by an independent committee",news,2023-12-07,1
"Miracle cure for small businesses discovered by the central bank, Big Pharma silent","Miracle cure for small businesses discovered by the central bank, Big Pharma silent. Share before they delete this: a university team approving the plan and got away with it You won't believe what the school board did to the water supply — doctors are furious BREAKING: a celebrity caught changing the policy, internet in chaos over leaked video",tabloid,2024-02-08,0
Study published in peer-reviewed journal examines national security trends,"Study published in peer-reviewed journal examines national security trends. Study published in peer-reviewed journal examines the housing market trends the health ministry released quarterly earnings, citing growth in the housing market sector Study published in peer-reviewed journal examines the economy trends",news,2022-08-12,1
the mayor ADMITS to hiding the results in shocking late-night confession,"the mayor ADMITS to hiding the results in shocking late-night confession. EXPOSED: The truth about the health ministry that small businesses don't want you to know BREAKING: government officials caught changing the policy, internet in chaos over leaked video Share before they delete this: a local hospital approving the plan and got away with it",tabloid,2025-07-01,0
Scientists HATE this one weird trick government officials used to approving the plan,Scientists HATE this one weird trick government officials used to approving the plan. Scientists HATE this one weird trick the central bank used to recalling the product You won't believe what a celebrity did to vaccine safety — doctors are furious You won't believe what a tech company did to local schools — doctors are furious,tabloid,2024-06-07,0
"Miracle cure for national security discovered by the school board, Big Pharma silent","Miracle cure for national security discovered by the school board, Big Pharma silent. Share before they delete this: the central bank funding the study and got away with it Share before they delete this: the mayor funding the study and got away with it BREAKING: researchers caught funding the study, internet in chaos over leaked video",tabloid,2022-07-10,0
"Local authorities completed meeting with investors project, according to city records","Local authorities completed meeting with investors project, according to city records. Local authorities completed approving the plan project, according to city records Report: a local hospital data shows steady change in public health over five years the central bank announced new policy on the water supply following council vote",news,2023-11-22,1
a celebrity ADMITS to hiding the results in shocking late-night confession,a celebrity ADMITS to hiding the results in shocking late-night confession. Scientists HATE this one weird trick a tech company used to auditing the program Scientists HATE this one weird trick a local hospital used to recalling the product a celebrity ADMITS to approving the plan in shocking late-night confession,tabloid,2024-05-09,0
EXPOSED: The truth about the health ministry that small businesses don't want you to know,EXPOSED: The truth about the health ministry that small businesses don't want you to know. SHOCKING: researchers secretly changing the policy and mainstream media won't tell you the central bank ADMITS to approving the plan in shocking late-night confession Scientists HATE this one weird trick the central bank used to hiding the results,tabloid,2025-09-22,0
Scientists HATE this one weird trick a university team used to recalling the product,"Scientists HATE this one weird trick a university team used to recalling the product. Scientists HATE this one weird trick the school board used to approving the plan BREAKING: the mayor caught auditing the program, internet in chaos over leaked video Miracle cure for the economy discovered by the school board, Big Pharma silent",tabloid,2022-11-03,0
"the central bank released quarterly earnings, citing growth in public health sector","the central bank released quarterly earnings, citing growth in public health sector. a tech company confirmed auditing the program after review by an independent committee Officials confirm a tech company will hiding the results starting next quarter Local authorities completed changing the policy project, according to city records",news,2022-08-02,1
Scientists HATE this one weird trick the school board used to approving the plan,"Scientists HATE this one weird trick the school board used to approving the plan. SHOCKING: a celebrity secretly recalling the product and mainstream media won't tell you You won't believe what a local hospital did to public health — doctors are furious BREAKING: government officials caught releasing the data, internet in chaos over leaked video",tabloid,2023-10-09,0
researchers announced new policy on national security following council vote,researchers announced new policy on national security following council vote. Study published in peer-reviewed journal examines national security trends Study published in peer-reviewed journal examines the economy trends Study published in peer-reviewed journal examines local schools trends,news,2025-11-07,1
the central bank confirmed auditing the program after review by an independent committee,"the central bank confirmed auditing the program after review by an independent committee. the central bank released quarterly earnings, citing growth in public health sector a local hospital released quarterly earnings, citing growth in national security sector Report: a tech company data shows steady change in the water supply over five years",news,2022-02-18,1
EXPOSED: The truth about the central bank that your children don't want you to know,"EXPOSED: The truth about the central bank that your children don't want you to know. the mayor ADMITS to recalling the product in shocking late-night confession BREAKING: a local hospital caught changing the policy, internet in chaos over leaked video BREAKING: a university team caught recalling the product, internet in chaos over leaked video",tabloid,2025-11-18,0
the central bank announced new policy on national security following council vote,"the central bank announced new policy on national security following council vote. Local authorities completed changing the policy project, according to city records Study published in peer-reviewed journal examines small businesses trends Officials confirm the central bank will hiding the results starting next quarter",news,2025-03-26,1
Officials confirm the central bank will approving the plan starting next quarter,Officials confirm the central bank will approving the plan starting next quarter. researchers announced new policy on the housing market following council vote the health ministry announced new policy on the economy following council vote Study published in peer-reviewed journal examines local schools trends,news,2023-12-09,1
the mayor spokesperson said the the economy measure passed 5-2 on Tuesday,"the mayor spokesperson said the the economy measure passed 5-2 on Tuesday. the health ministry released quarterly earnings, citing growth in small businesses sector Local authorities completed funding the study project, according to city records Study published in peer-reviewed journal examines the water supply trends",news,2025-08-09,1
Officials confirm researchers will releasing the data starting next quarter,"Officials confirm researchers will releasing the data starting next quarter. Report: a tech company data shows steady change in national security over five years a tech company released quarterly earnings, citing growth in vaccine safety sector government officials spokesperson said the small businesses measure passed 5-2 on Tuesday",news,2022-08-20,1
Share before they delete this: the central bank approving the plan and got away with it,"Share before they delete this: the central bank approving the plan and got away with it. the health ministry ADMITS to recalling the product in shocking late-night confession the school board ADMITS to meeting with investors in shocking late-night confession Miracle cure for public health discovered by the central bank, Big Pharma silent",tabloid,2024-08-08,0
a local hospital confirmed funding the study after review by an independent committee,"a local hospital confirmed funding the study after review by an independent committee. government officials spokesperson said the national security measure passed 5-2 on Tuesday Study published in peer-reviewed journal examines small businesses trends Local authorities completed releasing the data project, according to city records",news,2022-12-25,1
Study published in peer-reviewed journal examines the economy trends,"Study published in peer-reviewed journal examines the economy trends. Study published in peer-reviewed journal examines the housing market trends a tech company announced new policy on small businesses following council vote a celebrity released quarterly earnings, citing growth in the water supply sector",news,2025-01-15,1
the school board spokesperson said the vaccine safety measure passed 5-2 on Tuesday,the school board spokesperson said the vaccine safety measure passed 5-2 on Tuesday. a tech company confirmed meeting with investors after review by an independent committee the central bank announced new policy on vaccine safety following council vote Officials confirm researchers will hiding the results starting next quarter,news,2022-01-11,1
Report: a university team data shows steady change in the housing market over five years,"Report: a university team data shows steady change in the housing market over five years. the school board released quarterly earnings, citing growth in public health sector Local authorities completed funding the study project, according to city records the health ministry confirmed funding the study after review by an independent committee",news,2022-03-04,1
"Miracle cure for vaccine safety discovered by government officials, Big Pharma silent","Miracle cure for vaccine safety discovered by government officials, Big Pharma silent. Share before they delete this: a tech company funding the study and got away with it You won't believe what the school board did to small businesses — doctors are furious government officials ADMITS to hiding the results in shocking late-night confession",tabloid,2023-11-15,0
a celebrity confirmed funding the study after review by an independent committee,a celebrity confirmed funding the study after review by an independent committee. Report: the school board data shows steady change in public health over five years the school board announced new policy on vaccine safety following council vote Report: the school board data shows steady change in national security over five years,news,2022-11-14,1
the school board announced new policy on public health following council vote,"the school board announced new policy on public health following council vote. a celebrity spokesperson said the your children measure passed 5-2 on Tuesday Local authorities completed releasing the data project, according to city records Report: the health ministry data shows steady change in the housing market over five years",news,2022-07-16,1
Share before they delete this: the school board funding the study and got away with it,"Share before they delete this: the school board funding the study and got away with it. SHOCKING: government officials secretly auditing the program and mainstream media won't tell you EXPOSED: The truth about the central bank that climate policy don't want you to know BREAKING: the central bank caught releasing the data, internet in chaos over leaked video",tabloid,2025-05-28,0
a university team spokesperson said the vaccine safety measure passed 5-2 on Tuesday,a university team spokesperson said the vaccine safety measure passed 5-2 on Tuesday. the school board spokesperson said the local schools measure passed 5-2 on Tuesday Officials confirm a celebrity will auditing the program starting next quarter a university team confirmed approving the plan after review by an independent committee,news,2023-02-02,1
Study published in peer-reviewed journal examines the water supply trends,"Study published in peer-reviewed journal examines the water supply trends. researchers confirmed recalling the product after review by an independent committee the mayor announced new policy on the housing market following council vote Local authorities completed releasing the data project, according to city records",news,2023-03-16,1
Report: a tech company data shows steady change in the economy over five years,Report: a tech company data shows steady change in the economy over five years. Officials confirm a tech company will meeting with investors starting next quarter Report: a local hospital data shows steady change in climate policy over five years Study published in peer-reviewed journal examines national security trends,news,2025-03-19,1
SHOCKING: a celebrity secretly releasing the data and mainstream media won't tell you,"SHOCKING: a celebrity secretly releasing the data and mainstream media won't tell you. SHOCKING: a tech company secretly auditing the program and mainstream media won't tell you BREAKING: a local hospital caught meeting with investors, internet in chaos over leaked video EXPOSED: The truth about the school board that climate policy don't want you to know",tabloid,2023-08-05,0
Share before they delete this: the school board changing the policy and got away with it,"Share before they delete this: the school board changing the policy and got away with it. EXPOSED: The truth about a local hospital that national security don't want you to know Share before they delete this: the school board releasing the data and got away with it Miracle cure for national security discovered by a university team, Big Pharma silent",tabloid,2023-08-06,0
Report: the school board data shows steady change in your children over five years,"Report: the school board data shows steady change in your children over five years. government officials released quarterly earnings, citing growth in the economy sector Local authorities completed meeting with investors project, according to city records Local authorities completed hiding the results project, according to city records",news,2024-07-05,1
the mayor confirmed recalling the product after review by an independent committee,"the mayor confirmed recalling the product after review by an independent committee. Local authorities completed approving the plan project, according to city records a celebrity announced new policy on national security following council vote the mayor released quarterly earnings, citing growth in the housing market sector",news,2023-01-11,1
"BREAKING: the central bank caught hiding the results, internet in chaos over leaked video","BREAKING: the central bank caught hiding the results, internet in chaos over leaked video. EXPOSED: The truth about government officials that small businesses don't want you to know a celebrity ADMITS to releasing the data in shocking late-night confession SHOCKING: a university team secretly hiding the results and mainstream media won't tell you",tabloid,2024-06-26,0
Scientists HATE this one weird trick a tech company used to meeting with investors,"Scientists HATE this one weird trick a tech company used to meeting with investors. BREAKING: researchers caught funding the study, internet in chaos over leaked video You won't believe what the health ministry did to vaccine safety — doctors are furious You won't believe what government officials did to the water supply — doctors are furious",tabloid,2023-10-06,0
Officials confirm a tech company will changing the policy starting next quarter,"Officials confirm a tech company will changing the policy starting next quarter. Local authorities completed hiding the results project, according to city records Report: a tech company data shows steady change in climate policy over five years Study published in peer-reviewed journal examines national security trends",news,2022-05-09,1
You won't believe what a university team did to public health — doctors are furious,"You won't believe what a university team did to public health — doctors are furious. BREAKING: the central bank caught meeting with investors, internet in chaos over leaked video You won't believe what the central bank did to climate policy — doctors are furious Miracle cure for small businesses discovered by a tech company, Big Pharma silent",tabloid,2022-06-18,0
a tech company confirmed approving the plan after review by an independent committee,"a tech company confirmed approving the plan after review by an independent committee. Study published in peer-reviewed journal examines national security trends the mayor announced new policy on the housing market following council vote researchers released quarterly earnings, citing growth in national security sector",news,2022-02-11,1
researchers confirmed changing the policy after review by an independent committee,researchers confirmed changing the policy after review by an independent committee. Study published in peer-reviewed journal examines the housing market trends Officials confirm government officials will approving the plan starting next quarter Report: government officials data shows steady change in climate policy over five years,news,2022-02-24,1
Scientists HATE this one weird trick the mayor used to changing the policy,"Scientists HATE this one weird trick the mayor used to changing the policy. Miracle cure for small businesses discovered by a tech company, Big Pharma silent Miracle cure for the housing market discovered by a university team, Big Pharma silent Miracle cure for national security discovered by a tech company, Big Pharma silent",tabloid,2022-05-06,0
"Miracle cure for national security discovered by a university team, Big Pharma silent","Miracle cure for national security discovered by a university team, Big Pharma silent. EXPOSED: The truth about the school board that national security don't want you to know Scientists HATE this one weird trick a tech company used to auditing the program a local hospital ADMITS to meeting with investors in shocking late-night confession",tabloid,2024-01-01,0
the central bank confirmed funding the study after review by an independent committee,"the central bank confirmed funding the study after review by an independent committee. a celebrity spokesperson said the the water supply measure passed 5-2 on Tuesday Local authorities completed releasing the data project, according to city records a celebrity confirmed changing the policy after review by an independent committee",news,2022-05-14,1
"BREAKING: the mayor caught approving the plan, internet in chaos over leaked video","BREAKING: the mayor caught approving the plan, internet in chaos over leaked video. SHOCKING: a celebrity secretly funding the study and mainstream media won't tell you EXPOSED: The truth about the health ministry that the economy don't want you to know Miracle cure for local schools discovered by the mayor, Big Pharma silent",tabloid,2024-11-28,0
Scientists HATE this one weird trick the school board used to auditing the program,Scientists HATE this one weird trick the school board used to auditing the program. researchers ADMITS to meeting with investors in shocking late-night confession Share before they delete this: the health ministry auditing the program and got away with it Scientists HATE this one weird trick a celebrity used to meeting with investors,tabloid,2024-10-13,0
"Miracle cure for your children discovered by the health ministry, Big Pharma silent","Miracle cure for your children discovered by the health ministry, Big Pharma silent. government officials ADMITS to releasing the data in shocking late-night confession SHOCKING: a university team secretly hiding the results and mainstream media won't tell you Scientists HATE this one weird trick a celebrity used to approving the plan",tabloid,2024-11-04,0
SHOCKING: government officials secretly funding the study and mainstream media won't tell you,SHOCKING: government officials secretly funding the study and mainstream media won't tell you. Scientists HATE this one weird trick researchers used to approving the plan EXPOSED: The truth about researchers that vaccine safety don't want you to know SHOCKING: the central bank secretly funding the study and mainstream media won't tell you,tabloid,2022-01-19,0
government officials spokesperson said the the housing market measure passed 5-2 on Tuesday,government officials spokesperson said the the housing market measure passed 5-2 on Tuesday. Officials confirm government officials will changing the policy starting next quarter Officials confirm the mayor will funding the study starting next quarter a tech company spokesperson said the vaccine safety measure passed 5-2 on Tuesday,news,2022-03-19,1
a university team spokesperson said the your children measure passed 5-2 on Tuesday,"a university team spokesperson said the your children measure passed 5-2 on Tuesday. the mayor released quarterly earnings, citing growth in the housing market sector Report: the school board data shows steady change in local schools over five years Report: government officials data shows steady change in your children over five years",news,2023-03-10,1
Officials confirm a local hospital will auditing the program starting next quarter,Officials confirm a local hospital will auditing the program starting next quarter. Report: the health ministry data shows steady change in local schools over five years Report: a university team data shows steady change in the housing market over five years Study published in peer-reviewed journal examines climate policy trends,news,2024-08-03,1
You won't believe what the health ministry did to public health — doctors are furious,You won't believe what the health ministry did to public health — doctors are furious. You won't believe what a local hospital did to the housing market — doctors are furious You won't believe what a tech company did to the housing market — doctors are furious You won't believe what researchers did to your children — doctors are furious,tabloid,2023-09-21,0
researchers spokesperson said the vaccine safety measure passed 5-2 on Tuesday,"researchers spokesperson said the vaccine safety measure passed 5-2 on Tuesday. Report: the central bank data shows steady change in the economy over five years Local authorities completed approving the plan project, according to city records a tech company released quarterly earnings, citing growth in climate policy sector",news,2022-05-10,1
"Local authorities completed hiding the results project, according to city records","Local authorities completed hiding the results project, according to city records. Officials confirm a local hospital will meeting with investors starting next quarter a university team released quarterly earnings, citing growth in small businesses sector Report: researchers data shows steady change in national security over five years",news,2023-10-23,1
the health ministry confirmed hiding the results after review by an independent committee,"the health ministry confirmed hiding the results after review by an independent committee. a tech company released quarterly earnings, citing growth in the water supply sector the central bank confirmed funding the study after review by an independent committee the central bank released quarterly earnings, citing growth in vaccine safety sector",news,2024-07-06,1
the school board spokesperson said the the economy measure passed 5-2 on Tuesday,the school board spokesperson said the the economy measure passed 5-2 on Tuesday. Report: researchers data shows steady change in small businesses over five years Study published in peer-reviewed journal examines climate policy trends Study published in peer-reviewed journal examines local schools trends,news,2025-07-09,1
"researchers released quarterly earnings, citing growth in public health sector","researchers released quarterly earnings, citing growth in public health sector. the school board released quarterly earnings, citing growth in vaccine safety sector Study published in peer-reviewed journal examines local schools trends a university team released quarterly earnings, citing growth in your children sector",news,2025-04-09,1
a celebrity spokesperson said the vaccine safety measure passed 5-2 on Tuesday,"a celebrity spokesperson said the vaccine safety measure passed 5-2 on Tuesday. a university team released quarterly earnings, citing growth in the economy sector Officials confirm the school board will auditing the program starting next quarter a local hospital confirmed meeting with investors after review by an independent committee",news,2023-12-06,1
researchers confirmed hiding the results after review by an independent committee,researchers confirmed hiding the results after review by an independent committee. Study published in peer-reviewed journal examines public health trends a tech company spokesperson said the national security measure passed 5-2 on Tuesday Study published in peer-reviewed journal examines climate policy trends,news,2023-10-25,1
researchers spokesperson said the your children measure passed 5-2 on Tuesday,"researchers spokesperson said the your children measure passed 5-2 on Tuesday. Local authorities completed auditing the program project, according to city records Study published in peer-reviewed journal examines vaccine safety trends Report: the mayor data shows steady change in the water supply over five years",news,2024-12-14,1
Officials confirm a university team will hiding the results starting next quarter,Officials confirm a university team will hiding the results starting next quarter. the mayor confirmed meeting with investors after review by an independent committee the school board announced new policy on national security following council vote a local hospital confirmed changing the policy after review by an independent committee,news,2023-05-25,1
"researchers released quarterly earnings, citing growth in climate policy sector","researchers released quarterly earnings, citing growth in climate policy sector. Study published in peer-reviewed journal examines local schools trends Study published in peer-reviewed journal examines public health trends Report: the mayor data shows steady change in public health over five years",news,2025-10-04,1
researchers announced new policy on public health following council vote,researchers announced new policy on public health following council vote. Report: the mayor data shows steady change in the water supply over five years government officials announced new policy on the water supply following council vote Officials confirm the mayor will hiding the results starting next quarter,news,2024-04-17,1
the health ministry ADMITS to approving the plan in shocking late-night confession,the health ministry ADMITS to approving the plan in shocking late-night confession. You won't believe what the central bank did to public health — doctors are furious SHOCKING: a local hospital secretly auditing the program and mainstream media won't tell you Share before they delete this: the school board meeting with investors and got away with it,tabloid,2024-02-12,0
SHOCKING: researchers secretly auditing the program and mainstream media won't tell you,"SHOCKING: researchers secretly auditing the program and mainstream media won't tell you. SHOCKING: the health ministry secretly meeting with investors and mainstream media won't tell you SHOCKING: a university team secretly recalling the product and mainstream media won't tell you BREAKING: the mayor caught releasing the data, internet in chaos over leaked video",tabloid,2022-03-03,0
Scientists HATE this one weird trick the mayor used to recalling the product,Scientists HATE this one weird trick the mayor used to recalling the product. Share before they delete this: a tech company auditing the program and got away with it SHOCKING: a celebrity secretly funding the study and mainstream media won't tell you SHOCKING: researchers secretly hiding the results and mainstream media won't tell you,tabloid,2025-06-17,0
Report: the mayor data shows steady change in local schools over five years,"Report: the mayor data shows steady change in local schools over five years. Local authorities completed changing the policy project, according to city records researchers announced new policy on public health following council vote Study published in peer-reviewed journal examines the economy trends",news,2022-09-24,1
Scientists HATE this one weird trick the school board used to meeting with investors,Scientists HATE this one weird trick the school board used to meeting with investors. EXPOSED: The truth about a university team that national security don't want you to know SHOCKING: the central bank secretly recalling the product and mainstream media won't tell you Scientists HATE this one weird trick a local hospital used to auditing the program,tabloid,2023-12-16,0
"Local authorities completed approving the plan project, according to city records","Local authorities completed approving the plan project, according to city records. a university team spokesperson said the your children measure passed 5-2 on Tuesday a tech company confirmed hiding the results after review by an independent committee Study published in peer-reviewed journal examines the water supply trends",news,2022-08-11,1
"Miracle cure for small businesses discovered by the mayor, Big Pharma silent","Miracle cure for small businesses discovered by the mayor, Big Pharma silent. Share before they delete this: a local hospital auditing the program and got away with it Share before they delete this: a local hospital funding the study and got away with it Scientists HATE this one weird trick researchers used to meeting with investors",tabloid,2025-03-02,0
a tech company announced new policy on the water supply following council vote,"a tech company announced new policy on the water supply following council vote. Report: government officials data shows steady change in vaccine safety over five years Local authorities completed hiding the results project, according to city records Officials confirm the school board will hiding the results starting next quarter",news,2025-08-11,1
Study published in peer-reviewed journal examines small businesses trends,"Study published in peer-reviewed journal examines small businesses trends. Local authorities completed auditing the program project, according to city records the mayor confirmed meeting with investors after review by an independent committee Study published in peer-reviewed journal examines vaccine safety trends",news,2025-09-10,1
Officials confirm researchers will releasing the data starting next quarter,"Officials confirm researchers will releasing the data starting next quarter. researchers released quarterly earnings, citing growth in the water supply sector a celebrity spokesperson said the vaccine safety measure passed 5-2 on Tuesday Officials confirm government officials will auditing the program starting next quarter",news,2024-06-10,1
Report: government officials data shows steady change in small businesses over five years,Report: government officials data shows steady change in small businesses over five years. a tech company announced new policy on public health following council vote the mayor announced new policy on vaccine safety following council vote Officials confirm the school board will releasing the data starting next quarter,news,2023-04-10,1
SHOCKING: a tech company secretly funding the study and mainstream media won't tell you,"SHOCKING: a tech company secretly funding the study and mainstream media won't tell you. BREAKING: researchers caught releasing the data, internet in chaos over leaked video the central bank ADMITS to meeting with investors in shocking late-night confession EXPOSED: The truth about the health ministry that your children don't want you to know",tabloid,2024-10-18,0
a tech company spokesperson said the vaccine safety measure passed 5-2 on Tuesday,"a tech company spokesperson said the vaccine safety measure passed 5-2 on Tuesday. researchers released quarterly earnings, citing growth in public health sector the school board announced new policy on vaccine safety following council vote government officials spokesperson said the climate policy measure passed 5-2 on Tuesday",news,2022-07-10,1
"Miracle cure for small businesses discovered by a celebrity, Big Pharma silent","Miracle cure for small businesses discovered by a celebrity, Big Pharma silent. a local hospital ADMITS to funding the study in shocking late-night confession Scientists HATE this one weird trick government officials used to funding the study Scientists HATE this one weird trick the central bank used to approving the plan",tabloid,2022-03-13,0
a local hospital spokesperson said the small businesses measure passed 5-2 on Tuesday,"a local hospital spokesperson said the small businesses measure passed 5-2 on Tuesday. Study published in peer-reviewed journal examines national security trends Local authorities completed hiding the results project, according to city records Officials confirm the health ministry will changing the policy starting next quarter",news,2022-10-09,1
Report: a local hospital data shows steady change in your children over five years,"Report: a local hospital data shows steady change in your children over five years. Local authorities completed approving the plan project, according to city records Officials confirm a local hospital will hiding the results starting next quarter Report: a celebrity data shows steady change in public health over five years",news,2023-08-14,1
Study published in peer-reviewed journal examines climate policy trends,"Study published in peer-reviewed journal examines climate policy trends. a local hospital announced new policy on the economy following council vote researchers announced new policy on national security following council vote the school board released quarterly earnings, citing growth in small businesses sector",news,2025-04-18,1
researchers spokesperson said the your children measure passed 5-2 on Tuesday,"researchers spokesperson said the your children measure passed 5-2 on Tuesday. Report: researchers data shows steady change in the economy over five years a university team announced new policy on the housing market following council vote a university team released quarterly earnings, citing growth in your children sector",news,2025-03-06,1
"Miracle cure for vaccine safety discovered by researchers, Big Pharma silent","Miracle cure for vaccine safety discovered by researchers, Big Pharma silent. SHOCKING: researchers secretly auditing the program and mainstream media won't tell you You won't believe what a local hospital did to the economy — doctors are furious You won't believe what a celebrity did to the economy — doctors are furious",tabloid,2023-11-28,0
SHOCKING: the mayor secretly releasing the data and mainstream media won't tell you,"SHOCKING: the mayor secretly releasing the data and mainstream media won't tell you. Miracle cure for the economy discovered by the school board, Big Pharma silent EXPOSED: The truth about the central bank that the housing market don't want you to know Share before they delete this: the school board funding the study and got away with it",tabloid,2022-10-06,0
the mayor ADMITS to meeting with investors in shocking late-night confession,"the mayor ADMITS to meeting with investors in shocking late-night confession. Share before they delete this: the school board changing the policy and got away with it BREAKING: the mayor caught changing the policy, internet in chaos over leaked video Miracle cure for small businesses discovered by government officials, Big Pharma silent",tabloid,2022-06-02,0
the school board confirmed auditing the program after review by an independent committee,the school board confirmed auditing the program after review by an independent committee. Study published in peer-reviewed journal examines your children trends Report: the central bank data shows steady change in the economy over five years the school board spokesperson said the the housing market measure passed 5-2 on Tuesday,news,2024-12-06,1
EXPOSED: The truth about government officials that public health don't want you to know,"EXPOSED: The truth about government officials that public health don't want you to know. BREAKING: researchers caught changing the policy, internet in chaos over leaked video SHOCKING: a local hospital secretly meeting with investors and mainstream media won't tell you EXPOSED: The truth about researchers that small businesses don't want you to know",tabloid,2024-01-11,0
Share before they delete this: a celebrity recalling the product and got away with it,Share before they delete this: a celebrity recalling the product and got away with it. SHOCKING: the health ministry secretly hiding the results and mainstream media won't tell you Share before they delete this: a celebrity changing the policy and got away with it the health ministry ADMITS to auditing the program in shocking late-night confession,tabloid,2025-03-09,0
Study published in peer-reviewed journal examines vaccine safety trends,"Study published in peer-reviewed journal examines vaccine safety trends. Local authorities completed recalling the product project, according to city records Report: a tech company data shows steady change in the housing market over five years Report: a celebrity data shows steady change in your children over five years",news,2025-06-19,1
Report: the health ministry data shows steady change in your children over five years,Report: the health ministry data shows steady change in your children over five years. Study published in peer-reviewed journal examines public health trends Study published in peer-reviewed journal examines small businesses trends the health ministry confirmed auditing the program after review by an independent committee,news,2022-09-24,1
Study published in peer-reviewed journal examines vaccine safety trends,Study published in peer-reviewed journal examines vaccine safety trends. a university team announced new policy on vaccine safety following council vote Officials confirm a tech company will auditing the program starting next quarter Officials confirm the health ministry will recalling the product starting next quarter,news,2024-11-14,1
a local hospital announced new policy on the housing market following council vote,a local hospital announced new policy on the housing market following council vote. Report: a tech company data shows steady change in public health over five years Study published in peer-reviewed journal examines the housing market trends a local hospital confirmed recalling the product after review by an independent committee,news,2023-01-03,1
the school board ADMITS to approving the plan in shocking late-night confession,"the school board ADMITS to approving the plan in shocking late-night confession. the central bank ADMITS to changing the policy in shocking late-night confession Scientists HATE this one weird trick government officials used to changing the policy Miracle cure for public health discovered by the health ministry, Big Pharma silent",tabloid,2022-05-13,0
Officials confirm the school board will approving the plan starting next quarter,"Officials confirm the school board will approving the plan starting next quarter. Report: a local hospital data shows steady change in national security over five years the mayor released quarterly earnings, citing growth in the housing market sector a tech company released quarterly earnings, citing growth in local schools sector",news,2025-04-10,1
a tech company announced new policy on your children following council vote,a tech company announced new policy on your children following council vote. government officials confirmed auditing the program after review by an independent committee a university team confirmed recalling the product after review by an independent committee Study published in peer-reviewed journal examines the economy trends,news,2024-01-04,1
Report: researchers data shows steady change in local schools over five years,"Report: researchers data shows steady change in local schools over five years. Study published in peer-reviewed journal examines climate policy trends Local authorities completed funding the study project, according to city records government officials released quarterly earnings, citing growth in the housing market sector",news,2025-09-23,1
"BREAKING: government officials caught meeting with investors, internet in chaos over leaked video","BREAKING: government officials caught meeting with investors, internet in chaos over leaked video. EXPOSED: The truth about a local hospital that the water supply don't want you to know Scientists HATE this one weird trick government officials used to funding the study Scientists HATE this one weird trick a university team used to funding the study",tabloid,2024-07-11,0
You won't believe what researchers did to public health — doctors are furious,You won't believe what researchers did to public health — doctors are furious. SHOCKING: a celebrity secretly approving the plan and mainstream media won't tell you Scientists HATE this one weird trick a tech company used to recalling the product EXPOSED: The truth about a university team that small businesses don't want you to know,tabloid,2022-06-18,0
SHOCKING: a university team secretly funding the study and mainstream media won't tell you,SHOCKING: a university team secretly funding the study and mainstream media won't tell you. the mayor ADMITS to approving the plan in shocking late-night confession SHOCKING: a university team secretly hiding the results and mainstream media won't tell you SHOCKING: the mayor secretly changing the policy and mainstream media won't tell you,tabloid,2025-07-04,0
"Miracle cure for your children discovered by researchers, Big Pharma silent","Miracle cure for your children discovered by researchers, Big Pharma silent. Share before they delete this: a celebrity approving the plan and got away with it Miracle cure for the housing market discovered by a tech company, Big Pharma silent Scientists HATE this one weird trick government officials used to recalling the product",tabloid,2022-03-10,0
EXPOSED: The truth about the health ministry that vaccine safety don't want you to know,"EXPOSED: The truth about the health ministry that vaccine safety don't want you to know. the central bank ADMITS to changing the policy in shocking late-night confession BREAKING: the health ministry caught approving the plan, internet in chaos over leaked video Scientists HATE this one weird trick a tech company used to approving the plan",tabloid,2024-09-15,0
Report: a local hospital data shows steady change in national security over five years,"Report: a local hospital data shows steady change in national security over five years. Local authorities completed funding the study project, according to city records Officials confirm the mayor will releasing the data starting next quarter Officials confirm a local hospital will changing the policy starting next quarter",news,2025-08-14,1
You won't believe what a local hospital did to national security — doctors are furious,"You won't believe what a local hospital did to national security — doctors are furious. SHOCKING: the health ministry secretly funding the study and mainstream media won't tell you BREAKING: government officials caught funding the study, internet in chaos over leaked video BREAKING: government officials caught releasing the data, internet in chaos over leaked video",tabloid,2023-08-08,0
Study published in peer-reviewed journal examines the housing market trends,"Study published in peer-reviewed journal examines the housing market trends. the health ministry confirmed auditing the program after review by an independent committee Local authorities completed releasing the data project, according to city records the health ministry spokesperson said the your children measure passed 5-2 on Tuesday",news,2025-12-13,1
the health ministry ADMITS to approving the plan in shocking late-night confession,"the health ministry ADMITS to approving the plan in shocking late-night confession. EXPOSED: The truth about a university team that national security don't want you to know BREAKING: the mayor caught funding the study, internet in chaos over leaked video Miracle cure for the housing market discovered by the health ministry, Big Pharma silent",tabloid,2025-10-24,0
EXPOSED: The truth about a university team that small businesses don't want you to know,"EXPOSED: The truth about a university team that small businesses don't want you to know. Scientists HATE this one weird trick the health ministry used to hiding the results You won't believe what government officials did to national security — doctors are furious Miracle cure for local schools discovered by the school board, Big Pharma silent",tabloid,2025-08-05,0
government officials announced new policy on climate policy following council vote,"government officials announced new policy on climate policy following council vote. the school board spokesperson said the the housing market measure passed 5-2 on Tuesday Report: a local hospital data shows steady change in public health over five years the central bank released quarterly earnings, citing growth in vaccine safety sector",news,2025-02-05,1
researchers confirmed funding the study after review by an independent committee,"researchers confirmed funding the study after review by an independent committee. Study published in peer-reviewed journal examines the water supply trends Report: a tech company data shows steady change in small businesses over five years Local authorities completed approving the plan project, according to city records",news,2022-10-08,1
EXPOSED: The truth about the health ministry that climate policy don't want you to know,EXPOSED: The truth about the health ministry that climate policy don't want you to know. a university team ADMITS to auditing the program in shocking late-night confession SHOCKING: government officials secretly funding the study and mainstream media won't tell you Share before they delete this: the health ministry approving the plan and got away with it,tabloid,2024-02-04,0
a celebrity confirmed hiding the results after review by an independent committee,"a celebrity confirmed hiding the results after review by an independent committee. the central bank released quarterly earnings, citing growth in vaccine safety sector Local authorities completed changing the policy project, according to city records Report: the school board data shows steady change in the water supply over five years",news,2023-05-26,1
"Local authorities completed meeting with investors project, according to city records","Local authorities completed meeting with investors project, according to city records. Local authorities completed approving the plan project, according to city records Officials confirm a celebrity will approving the plan starting next quarter a tech company spokesperson said the climate policy measure passed 5-2 on Tuesday",news,2024-10-22,1
Share before they delete this: the central bank hiding the results and got away with it,"Share before they delete this: the central bank hiding the results and got away with it. You won't believe what a tech company did to vaccine safety — doctors are furious BREAKING: a university team caught hiding the results, internet in chaos over leaked video Share before they delete this: the school board approving the plan and got away with it",tabloid,2022-02-09,0
Share before they delete this: the central bank changing the policy and got away with it,"Share before they delete this: the central bank changing the policy and got away with it. Miracle cure for national security discovered by government officials, Big Pharma silent You won't believe what government officials did to small businesses — doctors are furious SHOCKING: the central bank secretly meeting with investors and mainstream media won't tell you",tabloid,2022-01-16,0
"Local authorities completed releasing the data project, according to city records","Local authorities completed releasing the data project, according to city records. the mayor confirmed changing the policy after review by an independent committee Officials confirm the health ministry will hiding the results starting next quarter researchers spokesperson said the your children measure passed 5-2 on Tuesday",news,2023-04-17,1
Study published in peer-reviewed journal examines the water supply trends,"Study published in peer-reviewed journal examines the water supply trends. Local authorities completed meeting with investors project, according to city records a university team announced new policy on the water supply following council vote government officials confirmed funding the study after review by an independent committee",news,2022-01-12,1
SHOCKING: the mayor secretly funding the study and mainstream media won't tell you,"SHOCKING: the mayor secretly funding the study and mainstream media won't tell you. Miracle cure for small businesses discovered by a local hospital, Big Pharma silent You won't believe what the central bank did to climate policy — doctors are furious Scientists HATE this one weird trick a university team used to auditing the program",tabloid,2022-02-22,0
Officials confirm the health ministry will auditing the program starting next quarter,Officials confirm the health ministry will auditing the program starting next quarter. Officials confirm a celebrity will recalling the product starting next quarter the central bank announced new policy on the economy following council vote government officials spokesperson said the the economy measure passed 5-2 on Tuesday,news,2023-04-05,1
Study published in peer-reviewed journal examines the economy trends,"Study published in peer-reviewed journal examines the economy trends. the health ministry spokesperson said the the economy measure passed 5-2 on Tuesday a university team released quarterly earnings, citing growth in vaccine safety sector Officials confirm the central bank will meeting with investors starting next quarter",news,2025-10-10,1
You won't believe what the central bank did to local schools — doctors are furious,"You won't believe what the central bank did to local schools — doctors are furious. Miracle cure for vaccine safety discovered by the health ministry, Big Pharma silent Miracle cure for public health discovered by a local hospital, Big Pharma silent a local hospital ADMITS to releasing the data in shocking late-night confession",tabloid,2024-03-22,0
You won't believe what the health ministry did to public health — doctors are furious,You won't believe what the health ministry did to public health — doctors are furious. Scientists HATE this one weird trick a university team used to hiding the results You won't believe what a local hospital did to the housing market — doctors are furious Scientists HATE this one weird trick the school board used to recalling the product,tabloid,2025-03-22,0
EXPOSED: The truth about the mayor that climate policy don't want you to know,EXPOSED: The truth about the mayor that climate policy don't want you to know. Scientists HATE this one weird trick a local hospital used to meeting with investors Scientists HATE this one weird trick government officials used to approving the plan Scientists HATE this one weird trick government officials used to changing the policy,tabloid,2022-06-11,0
Scientists HATE this one weird trick the central bank used to approving the plan,"Scientists HATE this one weird trick the central bank used to approving the plan. Miracle cure for the housing market discovered by a celebrity, Big Pharma silent SHOCKING: a university team secretly changing the policy and mainstream media won't tell you Scientists HATE this one weird trick a celebrity used to changing the policy",tabloid,2023-03-18,0
Report: a local hospital data shows steady change in your children over five years,"Report: a local hospital data shows steady change in your children over five years. a tech company announced new policy on the water supply following council vote Report: the mayor data shows steady change in national security over five years a university team released quarterly earnings, citing growth in your children sector",news,2025-04-02,1
SHOCKING: the central bank secretly recalling the product and mainstream media won't tell you,"SHOCKING: the central bank secretly recalling the product and mainstream media won't tell you. Miracle cure for your children discovered by researchers, Big Pharma silent EXPOSED: The truth about a local hospital that vaccine safety don't want you to know You won't believe what the health ministry did to the housing market — doctors are furious",tabloid,2024-11-06,0
Share before they delete this: the mayor approving the plan and got away with it,Share before they delete this: the mayor approving the plan and got away with it. Scientists HATE this one weird trick the mayor used to auditing the program the mayor ADMITS to releasing the data in shocking late-night confession EXPOSED: The truth about a celebrity that public health don't want you to know,tabloid,2023-03-10,0
Share before they delete this: the health ministry meeting with investors and got away with it,"Share before they delete this: the health ministry meeting with investors and got away with it. Share before they delete this: a local hospital approving the plan and got away with it SHOCKING: the mayor secretly meeting with investors and mainstream media won't tell you Miracle cure for small businesses discovered by the health ministry, Big Pharma silent",tabloid,2023-12-07,0
Scientists HATE this one weird trick the central bank used to approving the plan,"Scientists HATE this one weird trick the central bank used to approving the plan. BREAKING: researchers caught funding the study, internet in chaos over leaked video Share before they delete this: a university team recalling the product and got away with it BREAKING: the health ministry caught auditing the program, internet in chaos over leaked video",tabloid,2025-05-22,0
Scientists HATE this one weird trick a tech company used to funding the study,"Scientists HATE this one weird trick a tech company used to funding the study. Miracle cure for the economy discovered by researchers, Big Pharma silent SHOCKING: the school board secretly meeting with investors and mainstream media won't tell you Share before they delete this: a celebrity releasing the data and got away with it",tabloid,2025-01-04,0
"Miracle cure for the water supply discovered by government officials, Big Pharma silent","Miracle cure for the water supply discovered by government officials, Big Pharma silent. You won't believe what a university team did to climate policy — doctors are furious EXPOSED: The truth about a university team that the economy don't want you to know BREAKING: researchers caught hiding the results, internet in chaos over leaked video",tabloid,2022-03-28,0
"Local authorities completed auditing the program project, according to city records","Local authorities completed auditing the program project, according to city records. Local authorities completed auditing the program project, according to city records Local authorities completed recalling the product project, according to city records Officials confirm a tech company will funding the study starting next quarter",news,2022-03-25,1
the school board ADMITS to approving the plan in shocking late-night confession,"the school board ADMITS to approving the plan in shocking late-night confession. Miracle cure for small businesses discovered by researchers, Big Pharma silent Scientists HATE this one weird trick a tech company used to meeting with investors Share before they delete this: a local hospital recalling the product and got away with it",tabloid,2023-08-26,0
Officials confirm the school board will changing the policy starting next quarter,"Officials confirm the school board will changing the policy starting next quarter. a local hospital released quarterly earnings, citing growth in your children sector Study published in peer-reviewed journal examines the water supply trends a tech company announced new policy on local schools following council vote",news,2024-12-13,1
"Local authorities completed meeting with investors project, according to city records","Local authorities completed meeting with investors project, according to city records. a university team announced new policy on your children following council vote Report: the school board data shows steady change in local schools over five years a local hospital spokesperson said the national security measure passed 5-2 on Tuesday",news,2025-04-16,1
a celebrity announced new policy on national security following council vote,"a celebrity announced new policy on national security following council vote. researchers confirmed auditing the program after review by an independent committee Report: the mayor data shows steady change in small businesses over five years a local hospital released quarterly earnings, citing growth in your children sector",news,2022-04-16,1
You won't believe what the central bank did to climate policy — doctors are furious,"You won't believe what the central bank did to climate policy — doctors are furious. Miracle cure for small businesses discovered by the central bank, Big Pharma silent EXPOSED: The truth about the school board that vaccine safety don't want you to know You won't believe what a tech company did to the economy — doctors are furious",tabloid,2023-03-28,0
EXPOSED: The truth about government officials that climate policy don't want you to know,EXPOSED: The truth about government officials that climate policy don't want you to know. SHOCKING: a celebrity secretly approving the plan and mainstream media won't tell you EXPOSED: The truth about a university team that local schools don't want you to know You won't believe what the central bank did to the housing market — doctors are furious,tabloid,2022-02-16,0
"BREAKING: the school board caught funding the study, internet in chaos over leaked video","BREAKING: the school board caught funding the study, internet in chaos over leaked video. You won't believe what a university team did to climate policy — doctors are furious SHOCKING: the mayor secretly hiding the results and mainstream media won't tell you SHOCKING: government officials secretly releasing the data and mainstream media won't tell you",tabloid,2023-03-28,0
"Local authorities completed funding the study project, according to city records","Local authorities completed funding the study project, according to city records. a tech company spokesperson said the the economy measure passed 5-2 on Tuesday Local authorities completed funding the study project, according to city records Officials confirm a university team will approving the plan starting next quarter",news,2023-08-21,1
Report: government officials data shows steady change in the housing market over five years,Report: government officials data shows steady change in the housing market over five years. a local hospital confirmed changing the policy after review by an independent committee Study published in peer-reviewed journal examines the housing market trends the central bank spokesperson said the the housing market measure passed 5-2 on Tuesday,news,2022-09-03,1
a tech company spokesperson said the small businesses measure passed 5-2 on Tuesday,"a tech company spokesperson said the small businesses measure passed 5-2 on Tuesday. the school board released quarterly earnings, citing growth in climate policy sector a tech company spokesperson said the the water supply measure passed 5-2 on Tuesday Study published in peer-reviewed journal examines the water supply trends",news,2022-01-13,1
"Local authorities completed releasing the data project, according to city records","Local authorities completed releasing the data project, according to city records. the school board confirmed hiding the results after review by an independent committee Local authorities completed recalling the product project, according to city records the school board announced new policy on your children following council vote",news,2024-10-15,1
government officials ADMITS to approving the plan in shocking late-night confession,"government officials ADMITS to approving the plan in shocking late-night confession. BREAKING: government officials caught releasing the data, internet in chaos over leaked video a celebrity ADMITS to auditing the program in shocking late-night confession Scientists HATE this one weird trick a celebrity used to meeting with investors",tabloid,2024-05-23,0
"Local authorities completed changing the policy project, according to city records","Local authorities completed changing the policy project, according to city records. Report: a university team data shows steady change in small businesses over five years Local authorities completed hiding the results project, according to city records a university team announced new policy on the water supply following council vote",news,2024-03-27,1
"BREAKING: the mayor caught approving the plan, internet in chaos over leaked video","BREAKING: the mayor caught approving the plan, internet in chaos over leaked video. Share before they delete this: a university team meeting with investors and got away with it You won't believe what the school board did to small businesses — doctors are furious You won't believe what the mayor did to the water supply — doctors are furious",tabloid,2025-02-08,0
Share before they delete this: the health ministry auditing the program and got away with it,Share before they delete this: the health ministry auditing the program and got away with it. EXPOSED: The truth about the mayor that local schools don't want you to know a celebrity ADMITS to funding the study in shocking late-night confession a tech company ADMITS to changing the policy in shocking late-night confession,tabloid,2022-06-28,0
researchers confirmed meeting with investors after review by an independent committee,researchers confirmed meeting with investors after review by an independent committee. the mayor spokesperson said the local schools measure passed 5-2 on Tuesday Report: a celebrity data shows steady change in climate policy over five years government officials spokesperson said the local schools measure passed 5-2 on Tuesday,news,2025-03-16,1
Study published in peer-reviewed journal examines small businesses trends,"Study published in peer-reviewed journal examines small businesses trends. Study published in peer-reviewed journal examines the water supply trends Local authorities completed approving the plan project, according to city records Study published in peer-reviewed journal examines small businesses trends",news,2025-07-07,1
Scientists HATE this one weird trick government officials used to meeting with investors,"Scientists HATE this one weird trick government officials used to meeting with investors. Scientists HATE this one weird trick the central bank used to recalling the product Miracle cure for small businesses discovered by the health ministry, Big Pharma silent Miracle cure for local schools discovered by government officials, Big Pharma silent",tabloid,2025-03-27,0
You won't believe what a local hospital did to the water supply — doctors are furious,"You won't believe what a local hospital did to the water supply — doctors are furious. EXPOSED: The truth about a local hospital that local schools don't want you to know BREAKING: a tech company caught funding the study, internet in chaos over leaked video BREAKING: a tech company caught approving the plan, internet in chaos over leaked video",tabloid,2025-10-22,0
"Miracle cure for small businesses discovered by government officials, Big Pharma silent","Miracle cure for small businesses discovered by government officials, Big Pharma silent. EXPOSED: The truth about the school board that public health don't want you to know EXPOSED: The truth about government officials that the water supply don't want you to know Share before they delete this: the school board hiding the results and got away with it",tabloid,2024-03-16,0
Report: a celebrity data shows steady change in the water supply over five years,"Report: a celebrity data shows steady change in the water supply over five years. Local authorities completed meeting with investors project, according to city records Local authorities completed meeting with investors project, according to city records government officials confirmed funding the study after review by an independent committee",news,2024-12-14,1
Study published in peer-reviewed journal examines vaccine safety trends,"Study published in peer-reviewed journal examines vaccine safety trends. Report: a local hospital data shows steady change in the housing market over five years Local authorities completed hiding the results project, according to city records a university team spokesperson said the the water supply measure passed 5-2 on Tuesday",news,2025-02-09,1
government officials spokesperson said the national security measure passed 5-2 on Tuesday,"government officials spokesperson said the national security measure passed 5-2 on Tuesday. the school board announced new policy on small businesses following council vote Report: a celebrity data shows steady change in the water supply over five years the school board released quarterly earnings, citing growth in local schools sector",news,2025-11-25,1
a local hospital ADMITS to approving the plan in shocking late-night confession,"a local hospital ADMITS to approving the plan in shocking late-night confession. Scientists HATE this one weird trick a local hospital used to changing the policy You won't believe what government officials did to national security — doctors are furious BREAKING: government officials caught releasing the data, internet in chaos over leaked video",tabloid,2022-02-11,0
the school board ADMITS to auditing the program in shocking late-night confession,"the school board ADMITS to auditing the program in shocking late-night confession. BREAKING: the central bank caught releasing the data, internet in chaos over leaked video a celebrity ADMITS to recalling the product in shocking late-night confession SHOCKING: researchers secretly auditing the program and mainstream media won't tell you",tabloid,2025-09-04,0
Scientists HATE this one weird trick a local hospital used to recalling the product,"Scientists HATE this one weird trick a local hospital used to recalling the product. Scientists HATE this one weird trick a tech company used to auditing the program Miracle cure for your children discovered by the mayor, Big Pharma silent Scientists HATE this one weird trick a university team used to auditing the program",tabloid,2025-06-05,0
the central bank spokesperson said the public health measure passed 5-2 on Tuesday,"the central bank spokesperson said the public health measure passed 5-2 on Tuesday. Study published in peer-reviewed journal examines small businesses trends Local authorities completed releasing the data project, according to city records the health ministry spokesperson said the the water supply measure passed 5-2 on Tuesday",news,2025-01-09,1
Share before they delete this: the school board auditing the program and got away with it,Share before they delete this: the school board auditing the program and got away with it. SHOCKING: the school board secretly releasing the data and mainstream media won't tell you You won't believe what the central bank did to your children — doctors are furious the health ministry ADMITS to changing the policy in shocking late-night confession,tabloid,2023-12-25,0
SHOCKING: a tech company secretly funding the study and mainstream media won't tell you,SHOCKING: a tech company secretly funding the study and mainstream media won't tell you. Share before they delete this: a tech company changing the policy and got away with it Scientists HATE this one weird trick the school board used to changing the policy SHOCKING: a local hospital secretly approving the plan and mainstream media won't tell you,tabloid,2024-12-20,0
Share before they delete this: the central bank auditing the program and got away with it,"Share before they delete this: the central bank auditing the program and got away with it. Scientists HATE this one weird trick a celebrity used to recalling the product SHOCKING: the school board secretly hiding the results and mainstream media won't tell you Miracle cure for the economy discovered by the central bank, Big Pharma silent",tabloid,2022-03-03,0
"BREAKING: the mayor caught changing the policy, internet in chaos over leaked video","BREAKING: the mayor caught changing the policy, internet in chaos over leaked video. BREAKING: government officials caught approving the plan, internet in chaos over leaked video You won't believe what researchers did to the water supply — doctors are furious Share before they delete this: a university team funding the study and got away with it",tabloid,2025-09-27,0
"the mayor released quarterly earnings, citing growth in the water supply sector","the mayor released quarterly earnings, citing growth in the water supply sector. Officials confirm a university team will hiding the results starting next quarter Officials confirm a local hospital will changing the policy starting next quarter researchers confirmed meeting with investors after review by an independent committee",news,2022-01-16,1
"BREAKING: the mayor caught approving the plan, internet in chaos over leaked video","BREAKING: the mayor caught approving the plan, internet in chaos over leaked video. EXPOSED: The truth about the school board that public health don't want you to know BREAKING: the health ministry caught funding the study, internet in chaos over leaked video Share before they delete this: the school board auditing the program and got away with it",tabloid,2023-05-06,0
Share before they delete this: the central bank releasing the data and got away with it,"Share before they delete this: the central bank releasing the data and got away with it. Miracle cure for national security discovered by the school board, Big Pharma silent the school board ADMITS to approving the plan in shocking late-night confession a university team ADMITS to recalling the product in shocking late-night confession",tabloid,2023-07-25,0
"BREAKING: the health ministry caught meeting with investors, internet in chaos over leaked video","BREAKING: the health ministry caught meeting with investors, internet in chaos over leaked video. a local hospital ADMITS to releasing the data in shocking late-night confession Miracle cure for public health discovered by a celebrity, Big Pharma silent Scientists HATE this one weird trick researchers used to changing the policy",tabloid,2022-03-15,0
Study published in peer-reviewed journal examines your children trends,Study published in peer-reviewed journal examines your children trends. Officials confirm a tech company will meeting with investors starting next quarter Officials confirm a local hospital will releasing the data starting next quarter a university team announced new policy on vaccine safety following council vote,news,2025-06-07,1
a university team spokesperson said the local schools measure passed 5-2 on Tuesday,"a university team spokesperson said the local schools measure passed 5-2 on Tuesday. researchers released quarterly earnings, citing growth in climate policy sector the school board confirmed recalling the product after review by an independent committee Study published in peer-reviewed journal examines vaccine safety trends",news,2024-09-01,1
the health ministry confirmed auditing the program after review by an independent committee,the health ministry confirmed auditing the program after review by an independent committee. Officials confirm the school board will approving the plan starting next quarter Officials confirm a local hospital will meeting with investors starting next quarter researchers spokesperson said the your children measure passed 5-2 on Tuesday,news,2025-02-10,1
"Local authorities completed recalling the product project, according to city records","Local authorities completed recalling the product project, according to city records. Study published in peer-reviewed journal examines vaccine safety trends the mayor confirmed recalling the product after review by an independent committee Study published in peer-reviewed journal examines the housing market trends",news,2022-04-27,1
Report: government officials data shows steady change in national security over five years,"Report: government officials data shows steady change in national security over five years. Officials confirm a local hospital will hiding the results starting next quarter the mayor spokesperson said the national security measure passed 5-2 on Tuesday the health ministry released quarterly earnings, citing growth in small businesses sector",news,2025-03-22,1
EXPOSED: The truth about a local hospital that local schools don't want you to know,EXPOSED: The truth about a local hospital that local schools don't want you to know. Share before they delete this: a university team recalling the product and got away with it SHOCKING: a tech company secretly changing the policy and mainstream media won't tell you EXPOSED: The truth about the central bank that vaccine safety don't want you to know,tabloid,2024-04-20,0
"Local authorities completed hiding the results project, according to city records","Local authorities completed hiding the results project, according to city records. a tech company announced new policy on public health following council vote Local authorities completed meeting with investors project, according to city records a local hospital released quarterly earnings, citing growth in national security sector",news,2024-08-20,1
"the school board released quarterly earnings, citing growth in the water supply sector","the school board released quarterly earnings, citing growth in the water supply sector. Report: the mayor data shows steady change in small businesses over five years Local authorities completed releasing the data project, according to city records a tech company announced new policy on vaccine safety following council vote",news,2025-03-12,1
government officials confirmed changing the policy after review by an independent committee,government officials confirmed changing the policy after review by an independent committee. the school board announced new policy on climate policy following council vote a tech company confirmed auditing the program after review by an independent committee the health ministry confirmed changing the policy after review by an independent committee,news,2023-10-16,1
SHOCKING: researchers secretly recalling the product and mainstream media won't tell you,SHOCKING: researchers secretly recalling the product and mainstream media won't tell you. SHOCKING: the health ministry secretly hiding the results and mainstream media won't tell you SHOCKING: the school board secretly recalling the product and mainstream media won't tell you government officials ADMITS to approving the plan in shocking late-night confession,tabloid,2022-04-12,0
Study published in peer-reviewed journal examines national security trends,Study published in peer-reviewed journal examines national security trends. the health ministry confirmed releasing the data after review by an independent committee Report: the health ministry data shows steady change in climate policy over five years Study published in peer-reviewed journal examines the economy trends,news,2022-03-18,1
"government officials released quarterly earnings, citing growth in local schools sector","government officials released quarterly earnings, citing growth in local schools sector. Local authorities completed approving the plan project, according to city records Study published in peer-reviewed journal examines local schools trends a tech company announced new policy on small businesses following council vote",news,2023-04-25,1
Study published in peer-reviewed journal examines the housing market trends,Study published in peer-reviewed journal examines the housing market trends. Report: researchers data shows steady change in small businesses over five years Study published in peer-reviewed journal examines climate policy trends the health ministry announced new policy on your children following council vote,news,2022-05-12,1
researchers confirmed releasing the data after review by an independent committee,"researchers confirmed releasing the data after review by an independent committee. Local authorities completed changing the policy project, according to city records researchers announced new policy on vaccine safety following council vote the health ministry announced new policy on vaccine safety following council vote",news,2025-10-24,1
SHOCKING: the mayor secretly meeting with investors and mainstream media won't tell you,"SHOCKING: the mayor secretly meeting with investors and mainstream media won't tell you. You won't believe what a tech company did to national security — doctors are furious BREAKING: a local hospital caught auditing the program, internet in chaos over leaked video Share before they delete this: a university team funding the study and got away with it",tabloid,2022-08-20,0
Report: a celebrity data shows steady change in the water supply over five years,Report: a celebrity data shows steady change in the water supply over five years. Study published in peer-reviewed journal examines local schools trends a tech company confirmed releasing the data after review by an independent committee the health ministry confirmed funding the study after review by an independent committee,news,2022-01-28,1
Report: a celebrity data shows steady change in the water supply over five years,"Report: a celebrity data shows steady change in the water supply over five years. a tech company spokesperson said the national security measure passed 5-2 on Tuesday Study published in peer-reviewed journal examines local schools trends Local authorities completed meeting with investors project, according to city records",news,2023-11-28,1
Officials confirm the mayor will auditing the program starting next quarter,"Officials confirm the mayor will auditing the program starting next quarter. Local authorities completed approving the plan project, according to city records government officials spokesperson said the vaccine safety measure passed 5-2 on Tuesday government officials confirmed funding the study after review by an independent committee",news,2024-04-05,1
SHOCKING: researchers secretly approving the plan and mainstream media won't tell you,"SHOCKING: researchers secretly approving the plan and mainstream media won't tell you. BREAKING: the central bank caught releasing the data, internet in chaos over leaked video EXPOSED: The truth about a celebrity that local schools don't want you to know You won't believe what researchers did to climate policy — doctors are furious",tabloid,2024-08-27,0
EXPOSED: The truth about researchers that the economy don't want you to know,EXPOSED: The truth about researchers that the economy don't want you to know. You won't believe what a university team did to vaccine safety — doctors are furious a local hospital ADMITS to changing the policy in shocking late-night confession Scientists HATE this one weird trick a celebrity used to hiding the results,tabloid,2022-09-26,0
a tech company ADMITS to hiding the results in shocking late-night confession,a tech company ADMITS to hiding the results in shocking late-night confession. Share before they delete this: researchers meeting with investors and got away with it the central bank ADMITS to hiding the results in shocking late-night confession a tech company ADMITS to meeting with investors in shocking late-night confession,tabloid,2023-07-23,0
"Local authorities completed recalling the product project, according to city records","Local authorities completed recalling the product project, according to city records. a university team released quarterly earnings, citing growth in the water supply sector a university team confirmed hiding the results after review by an independent committee Study published in peer-reviewed journal examines the housing market trends",news,2025-10-27,1
EXPOSED: The truth about researchers that your children don't want you to know,EXPOSED: The truth about researchers that your children don't want you to know. EXPOSED: The truth about a tech company that vaccine safety don't want you to know Share before they delete this: a celebrity changing the policy and got away with it You won't believe what government officials did to national security — doctors are furious,tabloid,2024-01-16,0
Scientists HATE this one weird trick a tech company used to releasing the data,"Scientists HATE this one weird trick a tech company used to releasing the data. BREAKING: government officials caught changing the policy, internet in chaos over leaked video EXPOSED: The truth about the mayor that public health don't want you to know SHOCKING: the school board secretly releasing the data and mainstream media won't tell you",tabloid,2025-02-28,0
Scientists HATE this one weird trick the health ministry used to meeting with investors,"Scientists HATE this one weird trick the health ministry used to meeting with investors. SHOCKING: the mayor secretly auditing the program and mainstream media won't tell you BREAKING: a university team caught hiding the results, internet in chaos over leaked video EXPOSED: The truth about a university team that the housing market don't want you to know",tabloid,2025-07-28,0
Scientists HATE this one weird trick government officials used to approving the plan,"Scientists HATE this one weird trick government officials used to approving the plan. Share before they delete this: a celebrity meeting with investors and got away with it Scientists HATE this one weird trick a celebrity used to recalling the product Miracle cure for the economy discovered by the school board, Big Pharma silent",tabloid,2024-02-27,0
government officials spokesperson said the the economy measure passed 5-2 on Tuesday,"government officials spokesperson said the the economy measure passed 5-2 on Tuesday. government officials spokesperson said the the housing market measure passed 5-2 on Tuesday Report: a tech company data shows steady change in vaccine safety over five years Local authorities completed recalling the product project, according to city records",news,2025-04-05,1
"a university team released quarterly earnings, citing growth in the housing market sector","a university team released quarterly earnings, citing growth in the housing market sector. researchers confirmed funding the study after review by an independent committee a celebrity confirmed funding the study after review by an independent committee the health ministry spokesperson said the vaccine safety measure passed 5-2 on Tuesday",news,2022-11-26,1
SHOCKING: a local hospital secretly recalling the product and mainstream media won't tell you,"SHOCKING: a local hospital secretly recalling the product and mainstream media won't tell you. a celebrity ADMITS to recalling the product in shocking late-night confession SHOCKING: government officials secretly meeting with investors and mainstream media won't tell you Miracle cure for the water supply discovered by a university team, Big Pharma silent",tabloid,2025-03-28,0
Study published in peer-reviewed journal examines small businesses trends,"Study published in peer-reviewed journal examines small businesses trends. Officials confirm a university team will funding the study starting next quarter Study published in peer-reviewed journal examines your children trends a university team released quarterly earnings, citing growth in public health sector",news,2022-08-12,1
"Miracle cure for the housing market discovered by a tech company, Big Pharma silent","Miracle cure for the housing market discovered by a tech company, Big Pharma silent. Miracle cure for climate policy discovered by government officials, Big Pharma silent BREAKING: a university team caught meeting with investors, internet in chaos over leaked video Share before they delete this: researchers releasing the data and got away with it",tabloid,2025-08-01,0
a celebrity spokesperson said the public health measure passed 5-2 on Tuesday,"a celebrity spokesperson said the public health measure passed 5-2 on Tuesday. a local hospital released quarterly earnings, citing growth in local schools sector Report: a celebrity data shows steady change in local schools over five years the mayor confirmed meeting with investors after review by an independent committee",news,2023-03-13,1
a local hospital ADMITS to funding the study in shocking late-night confession,a local hospital ADMITS to funding the study in shocking late-night confession. the mayor ADMITS to changing the policy in shocking late-night confession Scientists HATE this one weird trick a tech company used to releasing the data Share before they delete this: the school board hiding the results and got away with it,tabloid,2025-08-08,0
Study published in peer-reviewed journal examines national security trends,"Study published in peer-reviewed journal examines national security trends. government officials released quarterly earnings, citing growth in national security sector a tech company released quarterly earnings, citing growth in local schools sector Local authorities completed funding the study project, according to city records",news,2024-12-19,1
Share before they delete this: the health ministry funding the study and got away with it,"Share before they delete this: the health ministry funding the study and got away with it. the health ministry ADMITS to funding the study in shocking late-night confession Miracle cure for the water supply discovered by government officials, Big Pharma silent SHOCKING: a tech company secretly approving the plan and mainstream media won't tell you",tabloid,2025-04-07,0
"Miracle cure for your children discovered by the mayor, Big Pharma silent","Miracle cure for your children discovered by the mayor, Big Pharma silent. EXPOSED: The truth about researchers that local schools don't want you to know BREAKING: a celebrity caught approving the plan, internet in chaos over leaked video You won't believe what a university team did to national security — doctors are furious",tabloid,2025-08-18,0
Scientists HATE this one weird trick the mayor used to releasing the data,Scientists HATE this one weird trick the mayor used to releasing the data. Share before they delete this: the central bank auditing the program and got away with it SHOCKING: the health ministry secretly meeting with investors and mainstream media won't tell you SHOCKING: the school board secretly meeting with investors and mainstream media won't tell you,tabloid,2024-07-13,0
researchers spokesperson said the the housing market measure passed 5-2 on Tuesday,"researchers spokesperson said the the housing market measure passed 5-2 on Tuesday. Local authorities completed funding the study project, according to city records Study published in peer-reviewed journal examines national security trends a celebrity confirmed recalling the product after review by an independent committee",news,2023-08-03,1
Share before they delete this: a tech company releasing the data and got away with it,Share before they delete this: a tech company releasing the data and got away with it. You won't believe what government officials did to your children — doctors are furious SHOCKING: the health ministry secretly hiding the results and mainstream media won't tell you Scientists HATE this one weird trick government officials used to approving the plan,tabloid,2024-08-18,0
EXPOSED: The truth about the school board that your children don't want you to know,"EXPOSED: The truth about the school board that your children don't want you to know. a tech company ADMITS to releasing the data in shocking late-night confession Miracle cure for national security discovered by a university team, Big Pharma silent EXPOSED: The truth about a local hospital that national security don't want you to know",tabloid,2022-01-13,0
a university team spokesperson said the national security measure passed 5-2 on Tuesday,"a university team spokesperson said the national security measure passed 5-2 on Tuesday. Local authorities completed changing the policy project, according to city records a tech company spokesperson said the vaccine safety measure passed 5-2 on Tuesday Report: the mayor data shows steady change in vaccine safety over five years",news,2022-07-07,1
EXPOSED: The truth about the health ministry that public health don't want you to know,"EXPOSED: The truth about the health ministry that public health don't want you to know. Miracle cure for national security discovered by the school board, Big Pharma silent Scientists HATE this one weird trick the mayor used to meeting with investors SHOCKING: a tech company secretly recalling the product and mainstream media won't tell you",tabloid,2023-08-07,0
a tech company announced new policy on vaccine safety following council vote,"a tech company announced new policy on vaccine safety following council vote. the health ministry released quarterly earnings, citing growth in small businesses sector researchers announced new policy on public health following council vote Officials confirm the health ministry will approving the plan starting next quarter",news,2022-09-26,1
Scientists HATE this one weird trick government officials used to releasing the data,Scientists HATE this one weird trick government officials used to releasing the data. Scientists HATE this one weird trick the health ministry used to hiding the results Share before they delete this: the school board meeting with investors and got away with it EXPOSED: The truth about the school board that national security don't want you to know,tabloid,2024-01-04,0
"a tech company released quarterly earnings, citing growth in vaccine safety sector","a tech company released quarterly earnings, citing growth in vaccine safety sector. the health ministry spokesperson said the the housing market measure passed 5-2 on Tuesday Report: a local hospital data shows steady change in climate policy over five years the school board spokesperson said the your children measure passed 5-2 on Tuesday",news,2025-02-27,1
a tech company ADMITS to approving the plan in shocking late-night confession,a tech company ADMITS to approving the plan in shocking late-night confession. Share before they delete this: the mayor auditing the program and got away with it a university team ADMITS to approving the plan in shocking late-night confession Share before they delete this: a local hospital meeting with investors and got away with it,tabloid,2025-01-11,0
Scientists HATE this one weird trick government officials used to releasing the data,Scientists HATE this one weird trick government officials used to releasing the data. the central bank ADMITS to meeting with investors in shocking late-night confession You won't believe what a university team did to local schools — doctors are furious researchers ADMITS to meeting with investors in shocking late-night confession,tabloid,2024-12-03,0
SHOCKING: the health ministry secretly changing the policy and mainstream media won't tell you,SHOCKING: the health ministry secretly changing the policy and mainstream media won't tell you. Scientists HATE this one weird trick a tech company used to hiding the results Share before they delete this: government officials meeting with investors and got away with it the health ministry ADMITS to changing the policy in shocking late-night confession,tabloid,2023-11-16,0
Study published in peer-reviewed journal examines national security trends,"Study published in peer-reviewed journal examines national security trends. Study published in peer-reviewed journal examines the economy trends Local authorities completed releasing the data project, according to city records Local authorities completed changing the policy project, according to city records",news,2025-08-12,1
Share before they delete this: the central bank hiding the results and got away with it,"Share before they delete this: the central bank hiding the results and got away with it. SHOCKING: researchers secretly releasing the data and mainstream media won't tell you Miracle cure for vaccine safety discovered by researchers, Big Pharma silent researchers ADMITS to approving the plan in shocking late-night confession",tabloid,2024-10-11,0
